Timestamp,Sensor1_Temperature,Sensor1_Humidity,Sensor2_Temperature,Sensor2_Humidity
2024-12-14 19:17:30,61.4,4.2,20,10
2024-12-14 19:17:31,61.2,4.3,21.5,10
2024-12-14 19:17:32,61.3,4.3,21.5,10
2024-12-14 19:17:33,61.3,4.3,21.5,10
2024-12-14 19:17:34,61.2,4.3,21.4,10
2024-12-14 19:17:35,61,4.2,21.5,10
2024-12-14 19:17:36,60.9,4.3,21.4,10
2024-12-14 19:17:38,61.1,4.3,21.4,10
2024-12-14 19:17:39,61.1,4.3,21.4,10
2024-12-14 19:17:41,61,4.3,21.5,10
2024-12-14 19:17:43,60.8,4.2,21.5,10
2024-12-14 19:17:44,60.8,4.2,21.5,10
2024-12-14 19:17:46,60.9,4.3,21.5,10
2024-12-14 19:17:48,60.8,4.3,21.5,10
2024-12-14 19:17:50,60.7,4.3,21.4,10
2024-12-14 19:17:53,60.5,4.3,21.4,10
2024-12-14 19:17:55,60.5,4.2,21.4,14
2024-12-14 19:17:56,60.5,4.2,21.4,14
2024-12-14 19:17:58,60.5,4.2,21.4,14
2024-12-14 19:17:59,60.5,4.2,21.4,14
2024-12-14 19:18:01,60.4,4.1,21.4,16
2024-12-14 19:18:03,60.3,4.1,21.5,18
2024-12-14 19:18:05,60.3,4.1,21.3,21
2024-12-14 19:18:08,60.1,4.1,21.3,25
2024-12-14 19:18:10,60,4,21.3,29
2024-12-14 19:18:12,60,4,21.3,32
2024-12-14 19:18:14,60,4,21.3,35
2024-12-14 19:18:16,60,4.1,21.3,37
2024-12-14 19:18:18,60.1,4.2,21.3,40
2024-12-14 19:18:20,60.2,4.2,21.3,42
2024-12-14 19:18:23,60.4,4.2,21.3,43
2024-12-14 19:18:25,60.6,4.2,21.3,43
2024-12-14 19:18:27,60.8,4.2,21.3,43
2024-12-14 19:18:29,61.1,4.3,21.4,43
2024-12-14 19:18:31,61.5,4.3,21.4,46
2024-12-14 19:18:33,61.8,4.4,21.4,48
2024-12-14 19:18:36,62.1,4.4,21.4,50
2024-12-14 19:18:38,62.5,4.4,21.4,52
2024-12-14 19:18:40,62.9,4.5,21.5,54
2024-12-14 19:18:42,63.3,4.5,21.5,56
2024-12-14 19:18:44,63.7,4.6,21.6,56
2024-12-14 19:18:46,64,4.6,21.7,56
2024-12-14 19:18:49,64.5,4.7,21.6,56
2024-12-14 19:18:51,64.9,4.7,21.6,57
2024-12-14 19:18:53,65.3,4.7,21.7,58
2024-12-14 19:18:55,65.7,4.8,21.8,60
2024-12-14 19:18:57,66.2,4.9,21.8,61
2024-12-14 19:18:59,66.6,4.9,21.8,62
2024-12-14 19:19:02,67,5,21.9,63
2024-12-14 19:19:04,67.4,5,21.9,65
2024-12-14 19:19:06,67.7,5.1,22,66
2024-12-14 19:19:08,68.1,5.1,22.1,67
2024-12-14 19:19:10,68.5,5.2,22.1,68
2024-12-14 19:19:12,68.8,5.2,22.2,69
2024-12-14 19:19:15,69.2,5.2,22.3,70
2024-12-14 19:19:17,69.5,5.2,22.4,70
2024-12-14 19:19:19,69.9,5.2,22.4,71
2024-12-14 19:19:21,70.2,5.3,22.5,72
2024-12-14 19:19:23,70.5,5.3,22.6,72
2024-12-14 19:19:25,70.8,5.4,22.6,73
2024-12-14 19:19:28,71.1,5.4,22.6,73
2024-12-14 19:19:30,71.4,5.5,22.6,73
2024-12-14 19:19:32,71.7,5.6,22.8,73
2024-12-14 19:19:34,72,5.6,22.8,74
2024-12-14 19:19:36,72.2,5.6,22.8,74
2024-12-14 19:19:38,72.5,5.7,22.9,74
2024-12-14 19:19:41,72.8,5.7,23,72
2024-12-14 19:19:43,73,5.6,23,72
2024-12-14 19:19:45,73.3,5.8,23,72
2024-12-14 19:19:47,73.5,5.8,23.1,73
2024-12-14 19:19:49,73.7,5.8,23.1,73
2024-12-14 19:19:51,73.9,5.9,23.2,73
2024-12-14 19:19:54,74.1,5.9,23.3,73
2024-12-14 19:19:56,74.4,5.9,23.3,73
2024-12-14 19:19:58,74.5,6,23.4,73
2024-12-14 19:20:00,74.7,6,23.4,73
2024-12-14 19:20:02,75,6,23.5,74
2024-12-14 19:20:04,75.1,6,23.5,74
2024-12-14 19:20:06,75.3,6,23.5,74
2024-12-14 19:20:09,75.5,6.1,23.6,74
2024-12-14 19:20:11,75.7,6.1,23.6,74
2024-12-14 19:20:13,75.8,6.1,23.7,74
2024-12-14 19:20:15,76,6.1,23.8,74
2024-12-14 19:20:17,76.2,6.1,23.8,74
2024-12-14 19:20:19,76.3,6.2,23.8,74
2024-12-14 19:20:22,76.5,6.1,23.9,74
2024-12-14 19:20:24,76.7,6.2,23.9,74
2024-12-14 19:20:26,76.8,6.2,24.1,75
2024-12-14 19:20:28,76.9,6.3,24,74
2024-12-14 19:20:30,77,6.2,24,74
2024-12-14 19:20:32,77.2,6.2,24.1,74
2024-12-14 19:20:35,77.3,6.3,24.1,74
2024-12-14 19:20:37,77.5,6.3,24.1,74
2024-12-14 19:20:39,77.6,6.3,24.1,74
2024-12-14 19:20:41,77.7,6.3,24.2,74
2024-12-14 19:20:43,77.8,6.3,24.2,74
2024-12-14 19:20:45,77.9,6.4,24.3,74
2024-12-14 19:20:48,78,6.4,24.3,74
2024-12-14 19:20:50,78.2,6.4,24.3,74
2024-12-14 19:20:52,78.3,6.4,24.5,74
2024-12-14 19:20:54,78.4,6.4,24.4,74
2024-12-14 19:20:56,78.4,6.5,24.4,74
2024-12-14 19:20:58,78.6,6.5,24.4,74
2024-12-14 19:21:01,78.7,6.4,24.5,74
2024-12-14 19:21:03,78.7,6.5,24.5,73
2024-12-14 19:21:05,78.8,6.5,24.6,73
2024-12-14 19:21:07,78.9,6.5,24.5,73
2024-12-14 19:21:09,79,6.5,24.6,73
2024-12-14 19:21:11,79.1,6.5,24.6,73
2024-12-14 19:21:14,79.2,6.5,24.6,73
2024-12-14 19:21:16,79.3,6.6,24.6,73
2024-12-14 19:21:18,79.4,6.6,24.7,73
2024-12-14 19:21:20,79.5,6.6,24.9,73
2024-12-14 19:21:22,79.5,6.6,24.8,73
2024-12-14 19:21:24,79.6,6.6,24.8,73
2024-12-14 19:21:27,79.7,6.6,24.8,73
2024-12-14 19:21:29,79.8,6.7,24.9,73
2024-12-14 19:21:31,79.8,6.7,24.9,73
2024-12-14 19:21:33,79.9,6.7,24.9,73
2024-12-14 19:21:35,80,6.7,25,73
2024-12-14 19:21:37,80,6.7,25,73
2024-12-14 19:21:39,80.1,6.7,25,73
2024-12-14 19:21:42,80.2,6.7,25.1,73
2024-12-14 19:21:44,80.2,6.7,25.1,73
2024-12-14 19:21:46,80.3,6.7,25.2,73
2024-12-14 19:21:48,80.4,6.7,25.1,72
2024-12-14 19:21:50,80.4,6.7,25.2,72
2024-12-14 19:21:52,80.5,5.2,25.2,72
2024-12-14 19:21:55,80.5,5.7,25.3,72
2024-12-14 19:21:57,80.6,6.2,25.3,72
2024-12-14 19:21:59,80.7,5.7,25.3,72
2024-12-14 19:22:01,80.7,6.7,25.3,71
2024-12-14 19:22:03,80.8,5.5,25.3,71
2024-12-14 19:22:05,80.9,6.7,25.4,71
2024-12-14 19:22:08,80.9,5.9,25.4,71
2024-12-14 19:22:10,81,5.2,25.4,71
2024-12-14 19:22:12,81,6.2,25.6,71
2024-12-14 19:22:14,81.1,5.3,25.5,71
2024-12-14 19:22:16,81.1,5.2,25.5,70
2024-12-14 19:22:18,81.2,5.2,25.5,70
2024-12-14 19:22:21,81.2,5.4,25.5,70
2024-12-14 19:22:23,81.3,6.1,25.5,70
2024-12-14 19:22:25,81.3,5.9,25.6,70
2024-12-14 19:22:27,81.4,5.1,25.6,70
2024-12-14 19:22:29,81.4,5.7,25.6,69
2024-12-14 19:22:31,81.4,5.7,25.7,69
2024-12-14 19:22:34,81.5,5.2,25.7,69
2024-12-14 19:22:36,81.5,5.2,25.7,69
2024-12-14 19:22:38,81.6,5.3,25.9,69
2024-12-14 19:22:40,81.6,5.1,25.8,69
2024-12-14 19:22:42,81.6,5.8,25.8,69
2024-12-14 19:22:44,81.7,6.3,25.8,68
2024-12-14 19:22:47,81.7,4.8,25.9,68
2024-12-14 19:22:49,81.8,5.3,25.9,68
2024-12-14 19:22:51,81.8,4.9,25.9,68
2024-12-14 19:22:53,81.8,5.3,25.9,68
2024-12-14 19:22:55,81.9,5.4,26,67
2024-12-14 19:22:57,81.9,5.1,26,67
2024-12-14 19:23:00,82,5,26,67
2024-12-14 19:23:02,82,5.3,26,66
2024-12-14 19:23:04,82,5.3,26.1,66
2024-12-14 19:23:06,82.1,5.2,26.3,66
2024-12-14 19:23:08,82.1,5.1,26.1,66
2024-12-14 19:23:10,82.1,5.4,26.2,66
2024-12-14 19:23:13,82.2,5.3,26.1,66
2024-12-14 19:23:15,82.2,5.1,26.3,66
2024-12-14 19:23:17,82.2,5.1,26.3,66
2024-12-14 19:23:19,82.2,5,26.4,65
2024-12-14 19:23:21,82.3,5.1,26.3,65
2024-12-14 19:23:23,82.3,5.1,26.4,65
2024-12-14 19:23:25,82.3,5.2,26.4,65
2024-12-14 19:23:28,82.4,5.2,26.4,64
2024-12-14 19:23:30,82.4,5.2,26.4,64
2024-12-14 19:23:32,82.4,5,26.5,64
2024-12-14 19:23:34,82.5,5.2,26.5,64
2024-12-14 19:23:36,82.5,5.1,26.5,63
2024-12-14 19:23:38,82.5,5.3,26.5,63
2024-12-14 19:23:41,82.5,5.3,26.6,63
2024-12-14 19:23:43,82.6,5.4,26.6,63
2024-12-14 19:23:45,82.6,5,26.6,63
2024-12-14 19:23:47,82.6,5.2,26.7,62
2024-12-14 19:23:49,82.6,5.1,26.8,62
2024-12-14 19:23:51,82.7,5.4,26.8,62
2024-12-14 19:23:54,82.7,5.2,26.8,62
2024-12-14 19:23:56,82.7,4.9,26.8,62
2024-12-14 19:23:58,82.7,5.3,26.9,61
2024-12-14 19:24:00,82.8,5.3,27,61
2024-12-14 19:24:02,82.8,5.2,26.9,61
2024-12-14 19:24:04,82.8,5.3,26.9,61
2024-12-14 19:24:07,82.8,4.9,26.9,61
2024-12-14 19:24:09,82.8,5.3,27,61
2024-12-14 19:24:11,82.9,5.3,27,60
2024-12-14 19:24:13,82.9,5.3,27.1,60
2024-12-14 19:24:15,82.9,5.3,27.1,60
2024-12-14 19:24:17,82.9,5.4,27.1,60
2024-12-14 19:24:20,83,5.3,27.1,60
2024-12-14 19:24:22,83,8.7,27.1,60
2024-12-14 19:24:24,83,5.3,27.2,59
2024-12-14 19:24:26,83,5.5,27.3,59
2024-12-14 19:24:28,83.1,5.4,27.3,59
2024-12-14 19:24:30,83.1,5.7,27.3,59
2024-12-14 19:24:33,83.1,5.5,27.4,59
2024-12-14 19:24:35,83.1,5.2,27.4,58
2024-12-14 19:24:37,83.1,5.5,27.4,58
2024-12-14 19:24:39,83.2,8.7,27.4,58
2024-12-14 19:24:41,83.2,5.6,27.5,58
2024-12-14 19:24:43,83.2,5.7,27.5,58
2024-12-14 19:24:46,83.2,5.3,27.5,57
2024-12-14 19:24:48,83.2,5.7,27.6,57
2024-12-14 19:24:50,83.2,5.4,27.6,57
2024-12-14 19:24:52,83.2,5.5,27.6,57
2024-12-14 19:24:54,83.3,5.3,27.6,57
2024-12-14 19:24:56,83.3,5.6,27.7,57
2024-12-14 19:24:58,83.3,5.7,27.7,56
2024-12-14 19:25:01,83.3,8.7,27.8,56
2024-12-14 19:25:03,83.3,5.6,27.8,56
2024-12-14 19:25:05,83.3,5.6,27.8,56
2024-12-14 19:25:07,83.4,5.6,27.8,56
2024-12-14 19:25:09,83.4,5.5,27.8,55
2024-12-14 19:25:11,83.4,5.7,27.9,55
2024-12-14 19:25:14,83.4,5.7,27.9,54
2024-12-14 19:25:16,83.4,5.6,28.1,52
2024-12-14 19:25:18,83.5,5.5,28,52
2024-12-14 19:25:20,83.5,5.4,28,52
2024-12-14 19:25:22,83.5,5.7,28,51
2024-12-14 19:25:24,83.5,8.5,28,51
2024-12-14 19:25:27,83.5,5.6,28.1,51
2024-12-14 19:25:29,83.6,5.4,28.1,51
2024-12-14 19:25:31,83.6,5.8,28.2,50
2024-12-14 19:25:33,83.6,5.7,28.2,50
2024-12-14 19:25:35,83.6,8.6,28.2,50
2024-12-14 19:25:37,83.7,5.8,28.3,50
2024-12-14 19:25:40,83.7,8.7,28.4,50
2024-12-14 19:25:42,83.7,5.5,28.5,50
2024-12-14 19:25:44,83.7,5.6,28.4,49
2024-12-14 19:25:46,83.7,5.8,28.4,49
2024-12-14 19:25:48,83.7,8.6,28.4,49
2024-12-14 19:25:50,83.7,8.5,28.5,49
2024-12-14 19:25:53,83.7,5.8,28.5,49
2024-12-14 19:25:55,83.7,8.6,28.6,49
2024-12-14 19:25:57,83.8,8.8,28.6,48
2024-12-14 19:25:59,83.8,8.7,28.6,48
2024-12-14 19:26:01,83.8,5.8,28.6,48
2024-12-14 19:26:03,83.8,8.6,28.6,48
2024-12-14 19:26:06,83.8,5.8,28.6,48
2024-12-14 19:26:08,83.8,8.7,28.9,48
2024-12-14 19:26:10,83.9,5.9,28.8,47
2024-12-14 19:26:12,83.9,8.6,28.8,47
2024-12-14 19:26:14,83.9,8.5,28.8,47
2024-12-14 19:26:16,83.9,5.8,28.9,47
2024-12-14 19:26:19,83.9,5.9,28.9,47
2024-12-14 19:26:21,83.9,5.6,28.9,47
2024-12-14 19:26:23,84,6,29,46
2024-12-14 19:26:25,83.9,5.9,29,46
2024-12-14 19:26:27,84,8.7,29.1,46
2024-12-14 19:26:29,84,5.9,29,46
2024-12-14 19:26:31,84,5.9,29.3,46
2024-12-14 19:26:34,84,6,29.1,45
2024-12-14 19:26:36,84,6,29.1,45
2024-12-14 19:26:38,84,8.6,29.1,45
2024-12-14 19:26:40,84.1,8.6,29.3,45
2024-12-14 19:26:42,84.1,6,29.2,45
2024-12-14 19:26:44,84.1,8.6,29.3,45
2024-12-14 19:26:47,84.1,8.400001,29.3,45
2024-12-14 19:26:49,84.1,6,29.3,44
2024-12-14 19:26:51,84.1,6,29.4,44
2024-12-14 19:26:53,84.1,8.5,29.4,44
2024-12-14 19:26:55,84.2,6,29.4,44
2024-12-14 19:26:57,84.2,8.400001,29.5,44
2024-12-14 19:27:00,84.2,6,29.5,44
2024-12-14 19:27:02,84.2,5.8,29.5,43
2024-12-14 19:27:04,84.2,8.6,29.5,43
2024-12-14 19:27:06,84.2,6,29.6,43
2024-12-14 19:27:08,84.2,8.5,29.6,43
2024-12-14 19:27:10,84.2,6,29.6,43
2024-12-14 19:27:13,84.2,6,29.7,43
2024-12-14 19:27:15,84.2,5.8,29.7,42
2024-12-14 19:27:17,84.3,8.5,29.8,42
2024-12-14 19:27:19,84.3,8.6,29.8,42
2024-12-14 19:27:21,84.3,6,29.8,42
2024-12-14 19:27:23,84.3,6,29.9,42
2024-12-14 19:27:26,84.3,6,29.9,42
2024-12-14 19:27:28,84.3,5.9,29.9,42
2024-12-14 19:27:30,84.3,6,29.9,42
2024-12-14 19:27:32,84.3,6.1,29.9,41
2024-12-14 19:27:34,84.3,6,30,41
2024-12-14 19:27:36,84.3,8.400001,30,41
2024-12-14 19:27:39,84.4,5.9,30.1,41
2024-12-14 19:27:41,84.4,8.400001,30.1,41
2024-12-14 19:27:43,84.4,8.6,30.1,41
2024-12-14 19:27:45,84.4,6,30.1,41
2024-12-14 19:27:47,84.4,6,30.1,40
2024-12-14 19:27:49,84.4,6.1,30.3,40
2024-12-14 19:27:52,84.4,6,30.3,40
2024-12-14 19:27:54,84.4,8.3,30.3,40
2024-12-14 19:27:56,84.4,5.9,30.4,40
2024-12-14 19:27:58,84.4,8.400001,30.4,40
2024-12-14 19:28:00,84.5,6.1,30.4,39
2024-12-14 19:28:02,84.5,6,30.5,39
2024-12-14 19:28:04,84.5,6.1,30.5,39
2024-12-14 19:28:07,84.5,5.9,30.5,39
2024-12-14 19:28:09,84.5,6,30.5,39
2024-12-14 19:28:11,84.5,5.9,30.5,38
2024-12-14 19:28:13,84.5,6.1,30.6,38
2024-12-14 19:28:15,84.5,6.1,30.6,38
2024-12-14 19:28:17,84.5,8.5,30.7,38
2024-12-14 19:28:20,84.5,6.1,30.6,38
2024-12-14 19:28:22,84.6,8.400001,30.9,38
2024-12-14 19:28:24,84.6,6,30.7,38
2024-12-14 19:28:26,84.6,6,30.8,38
2024-12-14 19:28:28,84.6,6.1,30.8,38
2024-12-14 19:28:30,84.6,8.5,30.8,38
2024-12-14 19:28:33,84.6,6,30.8,38
2024-12-14 19:28:35,84.6,6.1,30.9,37
2024-12-14 19:28:37,84.6,6.1,30.9,37
2024-12-14 19:28:39,84.6,6,30.9,37
2024-12-14 19:28:41,84.6,6,30.9,37
2024-12-14 19:28:43,84.7,6.1,31,37
2024-12-14 19:28:46,84.7,6.1,31,37
2024-12-14 19:28:48,84.7,8.400001,31,37
2024-12-14 19:28:50,84.7,6.1,31,37
2024-12-14 19:28:52,84.7,6.1,31.1,37
2024-12-14 19:28:54,84.7,8.5,31.1,36
2024-12-14 19:28:56,84.7,6.1,31.1,36
2024-12-14 19:28:59,84.7,8.3,31.1,36
2024-12-14 19:29:01,84.7,6,31.2,36
2024-12-14 19:29:03,84.7,6.1,31.2,36
2024-12-14 19:29:05,84.7,6.1,31.3,36
2024-12-14 19:29:07,84.7,6.1,31.3,36
2024-12-14 19:29:09,84.7,6.1,31.3,36
2024-12-14 19:29:12,84.7,6.2,31.3,35
2024-12-14 19:29:14,84.7,5.9,31.4,35
2024-12-14 19:29:16,84.7,6.2,31.4,35
2024-12-14 19:29:18,84.7,6.1,31.4,35
2024-12-14 19:29:20,84.7,6.1,31.4,35
2024-12-14 19:29:22,84.8,6.1,31.5,35
2024-12-14 19:29:25,84.8,6.1,31.5,35
2024-12-14 19:29:27,84.8,6.1,31.5,35
2024-12-14 19:29:29,84.8,6.1,31.5,35
2024-12-14 19:29:31,84.8,6.1,31.6,35
2024-12-14 19:29:33,84.8,6.1,31.6,35
2024-12-14 19:29:35,84.8,6.2,31.6,35
2024-12-14 19:29:38,84.8,6.1,31.7,34
2024-12-14 19:29:40,84.8,6.1,31.9,34
2024-12-14 19:29:42,84.8,6.1,31.8,34
2024-12-14 19:29:44,84.8,6.1,31.8,34
2024-12-14 19:29:46,84.8,6.1,31.8,34
2024-12-14 19:29:48,84.8,6,31.9,34
2024-12-14 19:29:51,84.8,8.3,31.9,33
2024-12-14 19:29:53,84.8,6.1,31.9,33
2024-12-14 19:29:55,84.8,6.1,31.9,33
2024-12-14 19:29:57,84.9,8.3,32,33
2024-12-14 19:29:59,84.9,6.1,32.1,33
2024-12-14 19:30:01,84.9,6.1,32,33
2024-12-14 19:30:03,84.9,6.1,32.1,33
2024-12-14 19:30:06,84.9,6.1,32.1,33
2024-12-14 19:30:08,84.9,6.1,32.1,33
2024-12-14 19:30:10,84.9,6.1,32.1,33
2024-12-14 19:30:12,84.9,6.1,32.2,33
2024-12-14 19:30:14,84.9,6.2,32.3,33
2024-12-14 19:30:16,84.9,6.2,32.3,33
2024-12-14 19:30:19,84.9,6.1,32.3,32
2024-12-14 19:30:21,84.9,6.1,32.4,32
2024-12-14 19:30:23,85,6.1,32.4,32
2024-12-14 19:30:25,85,6.2,32.4,32
2024-12-14 19:30:27,85,6.1,32.4,32
2024-12-14 19:30:29,85,6.1,32.5,32
2024-12-14 19:30:32,85,6.2,32.7,32
2024-12-14 19:30:34,85,6.1,32.6,32
2024-12-14 19:30:36,85,6.1,32.5,32
2024-12-14 19:30:38,85,6.2,32.6,32
2024-12-14 19:30:40,85,6.1,32.6,32
2024-12-14 19:30:42,85,6.2,32.6,32
2024-12-14 19:30:45,85,6.2,32.6,31
2024-12-14 19:30:47,85.1,6,32.8,31
2024-12-14 19:30:49,85,8.5,32.7,31
2024-12-14 19:30:51,85.1,6.1,32.8,31
2024-12-14 19:30:53,85.1,6.1,32.8,31
2024-12-14 19:30:55,85.1,6.1,32.8,31
2024-12-14 19:30:58,85.1,6.2,32.9,31
2024-12-14 19:31:00,85.1,6.2,32.9,31
2024-12-14 19:31:02,85.1,6.3,32.9,31
2024-12-14 19:31:04,85.1,8.1,33,29
2024-12-14 19:31:06,85.1,6.2,33,29
2024-12-14 19:31:08,85.1,6.2,33,29
2024-12-14 19:31:11,85.1,6.1,33.1,28
2024-12-14 19:31:13,85.2,6.3,33.1,28
2024-12-14 19:31:15,85.1,6.1,33.1,28
2024-12-14 19:31:17,85.1,6.1,33.2,28
2024-12-14 19:31:19,85.2,6.2,33.2,28
2024-12-14 19:31:21,85.2,6.2,33.2,28
2024-12-14 19:31:24,85.2,6.2,33.3,28
2024-12-14 19:31:26,85.2,6.2,33.5,28
2024-12-14 19:31:28,85.2,6.1,33.3,28
2024-12-14 19:31:30,85.2,6.3,33.4,28
2024-12-14 19:31:32,85.2,6.2,33.4,28
2024-12-14 19:31:34,85.2,8.400001,33.4,28
2024-12-14 19:31:36,85.2,6.1,33.4,28
2024-12-14 19:31:39,85.2,6.3,33.5,27
2024-12-14 19:31:41,85.2,6.2,33.6,27
2024-12-14 19:31:43,85.2,6.3,33.5,27
2024-12-14 19:31:45,85.3,6.2,33.6,27
2024-12-14 19:31:47,85.3,6.4,33.6,27
2024-12-14 19:31:49,85.3,6.3,33.6,27
2024-12-14 19:31:52,85.3,6.3,33.6,27
2024-12-14 19:31:54,85.3,6.3,33.6,27
2024-12-14 19:31:56,85.3,6.3,33.8,27
2024-12-14 19:31:58,85.3,6.2,33.8,27
2024-12-14 19:32:00,85.4,6.2,33.8,27
2024-12-14 19:32:02,85.4,6.3,33.8,27
2024-12-14 19:32:05,85.4,6.3,33.8,27
2024-12-14 19:32:07,85.4,6.3,33.9,27
2024-12-14 19:32:09,85.4,6.3,33.9,26
2024-12-14 19:32:11,85.4,6.3,33.9,26
2024-12-14 19:32:13,85.4,6.3,33.9,26
2024-12-14 19:32:15,85.4,6.3,34,26
2024-12-14 19:32:18,85.4,6.3,34,26
2024-12-14 19:32:20,85.4,6.2,34,26
2024-12-14 19:32:22,85.5,6.2,34,26
2024-12-14 19:32:24,85.4,6.3,34.1,26
2024-12-14 19:32:26,85.5,6.2,34,26
2024-12-14 19:32:28,85.4,6.2,34.1,26
2024-12-14 19:32:31,85.5,6.4,34.1,26
2024-12-14 19:32:33,85.5,6.4,34.2,25
2024-12-14 19:32:35,85.5,6.3,34.1,25
2024-12-14 19:32:37,85.5,6.3,34.2,25
2024-12-14 19:32:39,85.5,6.4,34.3,25
2024-12-14 19:32:41,85.5,6.4,34.3,25
2024-12-14 19:32:44,85.5,6.3,34.3,25
2024-12-14 19:32:46,85.5,6.2,34.3,25
2024-12-14 19:32:48,85.5,6.4,34.3,25
2024-12-14 19:32:50,85.5,6.3,34.5,25
2024-12-14 19:32:52,85.5,6.4,34.4,25
2024-12-14 19:32:54,85.6,6.4,34.4,25
2024-12-14 19:32:57,85.6,6.3,34.4,25
2024-12-14 19:32:59,85.5,6.4,34.5,25
2024-12-14 19:33:01,85.6,6.4,34.5,25
2024-12-14 19:33:03,85.6,6.4,34.5,25
2024-12-14 19:33:05,85.6,6.4,34.5,25
2024-12-14 19:33:07,85.6,6.4,34.6,24
2024-12-14 19:33:10,85.6,6.4,34.6,24
2024-12-14 19:33:12,85.6,6.3,34.6,24
2024-12-14 19:33:14,85.6,6.4,34.6,24
2024-12-14 19:33:16,85.6,6.4,34.9,24
2024-12-14 19:33:18,85.6,6.4,34.6,24
2024-12-14 19:33:20,85.6,6.2,34.7,24
2024-12-14 19:33:22,85.7,6.5,34.8,24
2024-12-14 19:33:25,85.6,6.4,34.8,24
2024-12-14 19:33:27,85.7,6.4,34.8,23
2024-12-14 19:33:29,85.7,6.4,34.8,23
2024-12-14 19:33:31,85.7,6.3,34.9,23
2024-12-14 19:33:33,85.7,6.2,34.9,23
2024-12-14 19:33:35,85.7,6.3,34.9,23
2024-12-14 19:33:38,85.7,6.4,35,23
2024-12-14 19:33:40,85.7,6.3,34.9,23
2024-12-14 19:33:42,85.8,6.4,35,23
2024-12-14 19:33:44,85.7,6.4,35,23
2024-12-14 19:33:46,85.8,6.4,35,23
2024-12-14 19:33:48,85.8,6.3,35,23
2024-12-14 19:33:51,85.7,6.5,35.1,23
2024-12-14 19:33:53,85.8,6.4,35.1,23
2024-12-14 19:33:55,85.7,6.3,35.1,23
2024-12-14 19:33:57,85.8,6.3,35.2,23
2024-12-14 19:33:59,85.8,6.3,35.2,22
2024-12-14 19:34:01,85.8,6.3,35.2,22
2024-12-14 19:34:04,85.8,6.7,35.5,22
2024-12-14 19:34:06,85.8,6.4,35.3,22
2024-12-14 19:34:08,85.8,6.3,35.3,22
2024-12-14 19:34:10,85.8,6.5,35.3,22
2024-12-14 19:34:12,85.9,6.6,35.4,22
2024-12-14 19:34:14,85.8,6.5,35.4,22
2024-12-14 19:34:17,85.9,6.6,35.4,22
2024-12-14 19:34:19,85.8,6.4,35.4,22
2024-12-14 19:34:21,85.8,6.6,35.4,22
2024-12-14 19:34:23,85.9,6.5,35.4,22
2024-12-14 19:34:25,85.9,6.4,35.5,22
2024-12-14 19:34:27,85.8,6.5,35.5,21
2024-12-14 19:34:30,85.8,6.4,35.5,21
2024-12-14 19:34:32,85.8,6.5,35.5,21
2024-12-14 19:34:34,86,6.6,35.5,21
2024-12-14 19:34:36,85.9,6.6,35.6,21
2024-12-14 19:34:38,85.9,6.6,35.6,21
2024-12-14 19:34:40,85.9,6.4,35.7,21
2024-12-14 19:34:43,85.9,6.3,35.7,21
2024-12-14 19:34:45,85.9,6.4,35.7,21
2024-12-14 19:34:47,86,6.9,35.8,20
2024-12-14 19:34:49,85.9,6.5,35.8,20
2024-12-14 19:34:51,85.9,6.4,35.8,20
2024-12-14 19:34:53,85.9,6.8,35.9,20
2024-12-14 19:34:56,85.9,6.4,35.9,20
2024-12-14 19:34:58,85.9,6.5,35.9,20
2024-12-14 19:35:00,85.9,6.3,35.9,20
2024-12-14 19:35:02,86,6.3,36,20
2024-12-14 19:35:04,85.9,6.5,36,20
2024-12-14 19:35:06,85.9,6.6,36,20
2024-12-14 19:35:08,85.9,6.5,36,20
2024-12-14 19:35:11,86,6.6,36,20
2024-12-14 19:35:13,85.9,6.4,36,20
2024-12-14 19:35:15,85.9,6.3,36.1,20
2024-12-14 19:35:17,85.9,6.5,36.1,20
2024-12-14 19:35:19,85.9,6.4,36.1,20
2024-12-14 19:35:21,85.9,6.3,36.1,20
2024-12-14 19:35:24,85.9,6.7,36.1,19
2024-12-14 19:35:26,85.9,6.7,36.1,19
2024-12-14 19:35:28,85.9,6.3,36.1,19
2024-12-14 19:35:30,85.9,6.3,36.1,19
2024-12-14 19:35:32,85.9,6.4,36.2,19
2024-12-14 19:35:34,85.9,6.3,36.3,19
2024-12-14 19:35:37,85.9,6.3,36.2,19
2024-12-14 19:35:39,86,6.4,36.3,19
2024-12-14 19:35:41,86.1,6.3,36.3,19
2024-12-14 19:35:43,86,6.6,36.3,19
2024-12-14 19:35:45,85.9,6.5,36.3,19
2024-12-14 19:35:47,86,6.4,36.5,19
2024-12-14 19:35:50,86.1,6.5,36.3,19
2024-12-14 19:35:52,86,6.6,36.4,19
2024-12-14 19:35:54,86,6.3,36.4,19
2024-12-14 19:35:56,86.2,6.5,36.4,19
2024-12-14 19:35:58,86,6.5,36.4,19
2024-12-14 19:36:00,86,6.4,36.5,18
2024-12-14 19:36:03,86.1,6.6,36.5,18
2024-12-14 19:36:05,86,6.6,36.5,18
2024-12-14 19:36:07,86,6.5,36.5,18
2024-12-14 19:36:09,86.1,6.5,36.5,18
2024-12-14 19:36:11,86,6.5,36.5,18
2024-12-14 19:36:13,86.1,6.5,36.6,18
2024-12-14 19:36:16,86,7.4,36.8,18
2024-12-14 19:36:18,86.1,6.3,36.6,18
2024-12-14 19:36:20,86,6.7,36.6,18
2024-12-14 19:36:22,86,6.4,36.6,18
2024-12-14 19:36:24,86,6.6,36.6,17
2024-12-14 19:36:26,86,6.3,36.7,17
2024-12-14 19:36:29,86,6.8,36.7,17
2024-12-14 19:36:31,86,6.6,36.7,17
2024-12-14 19:36:33,86,6.4,36.8,17
2024-12-14 19:36:35,86.1,6.9,36.8,17
2024-12-14 19:36:37,86,6.5,36.8,17
2024-12-14 19:36:39,86,6.7,36.8,17
2024-12-14 19:36:41,86,6.5,36.8,17
2024-12-14 19:36:44,86,6.6,36.9,17
2024-12-14 19:36:46,86.1,6.5,36.9,17
2024-12-14 19:36:48,86.1,6.3,36.9,17
2024-12-14 19:36:50,86.1,6.7,36.9,17
2024-12-14 19:36:52,86.1,6.6,36.9,17
2024-12-14 19:36:54,86,6.6,36.9,17
2024-12-14 19:36:57,86.1,6.5,36.9,17
2024-12-14 19:36:59,86.1,6.6,36.9,17
2024-12-14 19:37:01,86.1,6.6,37,17
2024-12-14 19:37:03,86,6.5,37.1,17
2024-12-14 19:37:05,86.1,6.3,37,17
2024-12-14 19:37:07,86.1,6.5,37,17
2024-12-14 19:37:10,86.1,6.5,37.3,17
2024-12-14 19:37:12,86.1,6.6,37.1,17
2024-12-14 19:37:14,86.2,6.8,37.1,17
2024-12-14 19:37:16,86.1,6.8,37.1,17
2024-12-14 19:37:18,86.2,6.5,37.1,16
2024-12-14 19:37:20,86.1,6.6,37.1,16
2024-12-14 19:37:23,86.2,6.6,37.1,16
2024-12-14 19:37:25,86.1,6.6,37.1,16
2024-12-14 19:37:27,86.1,6.7,37.1,16
2024-12-14 19:37:29,86.1,6.3,37.2,16
2024-12-14 19:37:31,86.1,6.8,37.3,16
2024-12-14 19:37:33,86.2,6.6,37.3,16
2024-12-14 19:37:36,86.2,6.5,37.3,16
2024-12-14 19:37:38,86.1,6.6,37.3,16
2024-12-14 19:37:40,86.1,6.8,37.3,16
2024-12-14 19:37:42,86.1,6.6,37.3,16
2024-12-14 19:37:44,86.2,6.5,37.4,15
2024-12-14 19:37:46,86.2,6.5,37.4,15
2024-12-14 19:37:49,86.1,6.4,37.4,15
2024-12-14 19:37:51,86.2,6.4,37.4,15
2024-12-14 19:37:53,86.1,6.4,37.4,15
2024-12-14 19:37:55,86.1,6.7,37.4,15
2024-12-14 19:37:57,86.1,6.5,37.4,15
2024-12-14 19:37:59,86.1,6.9,37.5,15
2024-12-14 19:38:02,86.2,7.5,37.5,15
2024-12-14 19:38:04,86.1,6.5,37.8,15
2024-12-14 19:38:06,86.1,6.8,37.5,15
2024-12-14 19:38:08,86.3,7,37.5,15
2024-12-14 19:38:10,86.2,6.7,37.5,15
2024-12-14 19:38:12,86.2,6.7,37.5,15
2024-12-14 19:38:14,86.1,6.5,37.6,15
2024-12-14 19:38:17,86.2,6.6,37.6,15
2024-12-14 19:38:19,86.3,6.9,37.6,15
2024-12-14 19:38:21,86.2,6.5,37.6,14
2024-12-14 19:38:23,86.1,6.7,37.6,14
2024-12-14 19:38:25,86.2,6.5,37.7,14
2024-12-14 19:38:27,86.2,7,37.7,14
2024-12-14 19:38:30,86.2,6.7,37.7,14
2024-12-14 19:38:32,86.2,6.5,38,12
2024-12-14 19:38:34,86.2,6.9,37.8,14
2024-12-14 19:38:36,86.2,6.5,37.7,14
2024-12-14 19:38:38,86.2,6.8,37.8,14
2024-12-14 19:38:40,86.2,6.5,37.9,14
2024-12-14 19:38:43,86.3,6.4,37.9,14
2024-12-14 19:38:45,86.2,6.9,37.9,14
2024-12-14 19:38:47,86.2,6.4,37.9,14
2024-12-14 19:38:49,86.2,6.4,37.9,14
2024-12-14 19:38:51,86.3,6.9,37.9,14
2024-12-14 19:38:53,86.2,6.8,37.9,14
2024-12-14 19:38:56,86.3,6.7,38,12
2024-12-14 19:38:58,86.2,6.6,38.3,12
2024-12-14 19:39:00,86.2,6.6,38,12
2024-12-14 19:39:02,86.2,6.9,38.1,12
2024-12-14 19:39:04,86.4,6.4,38.1,12
2024-12-14 19:39:06,86.2,6.5,38.1,11
2024-12-14 19:39:09,86.3,6.4,38.1,11
2024-12-14 19:39:11,86.2,6.6,38.2,11
2024-12-14 19:39:13,86.2,6.3,38.2,11
2024-12-14 19:39:15,86.2,6.5,38.2,11
2024-12-14 19:39:17,86.3,6.5,38.3,11
2024-12-14 19:39:19,86.3,6.7,38.3,11
2024-12-14 19:39:22,86.4,6.8,38.3,11
2024-12-14 19:39:24,86.2,6.7,38.5,11
2024-12-14 19:39:26,86.3,7,38.3,11
2024-12-14 19:39:28,86.2,6.9,38.4,11
2024-12-14 19:39:30,86.3,6.6,38.4,11
2024-12-14 19:39:32,86.3,6.6,38.4,11
2024-12-14 19:39:35,86.3,6.5,38.4,11
2024-12-14 19:39:37,86.2,6.7,38.4,11
2024-12-14 19:39:39,86.3,6.5,38.4,11
2024-12-14 19:39:41,86.3,6.7,38.5,11
2024-12-14 19:39:43,86.4,7.1,38.5,11
2024-12-14 19:39:45,86.2,6.8,38.5,11
2024-12-14 19:39:48,86.4,7,38.5,11
2024-12-14 19:39:50,86.3,6.5,38.5,10
2024-12-14 19:39:52,86.3,6.7,38.9,10
2024-12-14 19:39:54,86.3,6.5,38.6,10
2024-12-14 19:39:56,86.3,6.4,38.6,10
2024-12-14 19:39:58,86.3,6.4,38.6,10
2024-12-14 19:40:00,86.3,6.4,38.6,10
2024-12-14 19:40:03,86.3,6.7,38.7,10
2024-12-14 19:40:05,86.3,6.7,38.8,10
2024-12-14 19:40:07,86.3,6.3,38.7,10
2024-12-14 19:40:09,86.3,6.6,38.7,10
2024-12-14 19:40:11,86.4,6.6,38.8,10
2024-12-14 19:40:13,86.5,6.7,38.8,10
2024-12-14 19:40:16,86.3,6.7,38.8,10
2024-12-14 19:40:18,86.4,6.6,38.9,10
2024-12-14 19:40:20,86.3,6.3,38.9,10
2024-12-14 19:40:22,86.4,6.6,38.9,10
2024-12-14 19:40:24,86.4,6.6,38.9,10
2024-12-14 19:40:26,86.4,6.9,39,10
2024-12-14 19:40:29,86.5,6.6,39,10
2024-12-14 19:40:31,86.4,6.7,39,10
2024-12-14 19:40:33,86.4,6.9,39,10
2024-12-14 19:40:35,86.4,6.8,39.1,10
2024-12-14 19:40:37,86.4,6.9,39.1,10
2024-12-14 19:40:39,86.5,7,39.1,10
2024-12-14 19:40:42,86.4,6.9,39.1,10
2024-12-14 19:40:44,86.4,6.8,39.1,10
2024-12-14 19:40:46,86.4,6.7,39.1,10
2024-12-14 19:40:48,86.4,6.4,39.3,10
2024-12-14 19:40:50,86.4,7.5,39.2,10
2024-12-14 19:40:52,86.5,6.8,39.3,10
2024-12-14 19:40:55,86.5,7.1,39.3,10
2024-12-14 19:40:57,86.4,6.8,39.3,10
2024-12-14 19:40:59,86.5,6.8,39.3,10
2024-12-14 19:41:01,86.6,6.8,39.3,10
2024-12-14 19:41:03,86.5,7,39.4,10
2024-12-14 19:41:05,86.4,6.6,39.4,10
2024-12-14 19:41:08,86.4,6.9,39.4,10
2024-12-14 19:41:10,86.5,6.7,39.5,10
2024-12-14 19:41:12,86.5,6.6,39.8,10
2024-12-14 19:41:14,86.4,6.7,39.5,10
2024-12-14 19:41:16,86.4,6.3,39.4,10
2024-12-14 19:41:18,86.4,6.6,39.5,10
2024-12-14 19:41:21,86.4,6.7,39.6,10
2024-12-14 19:41:23,86.4,6.9,39.6,10
2024-12-14 19:41:25,86.4,6.5,39.6,10
2024-12-14 19:41:27,86.4,7,39.6,10
2024-12-14 19:41:29,86.5,7,39.6,10
2024-12-14 19:41:31,86.4,7,39.6,10
2024-12-14 19:41:33,86.5,7,39.7,10
2024-12-14 19:41:36,86.4,6.4,39.8,10
2024-12-14 19:41:38,86.5,6.8,39.8,10
2024-12-14 19:41:40,86.5,6.7,40.1,10
2024-12-14 19:41:42,86.6,7,39.8,10
2024-12-14 19:41:44,86.5,6.9,39.8,10
2024-12-14 19:41:46,86.5,6.8,39.9,10
2024-12-14 19:41:49,86.4,6.5,39.9,10
2024-12-14 19:41:51,86.6,6.7,39.9,10
2024-12-14 19:41:53,86.5,6.9,39.9,10
2024-12-14 19:41:55,86.5,7,40,10
2024-12-14 19:41:57,86.5,6.9,40,10
2024-12-14 19:41:59,86.4,7,40,10
2024-12-14 19:42:02,86.5,6.9,40,10
2024-12-14 19:42:04,86.6,6.8,40,10
2024-12-14 19:42:06,86.6,7.1,40,10
2024-12-14 19:42:08,86.5,6.5,40,10
2024-12-14 19:42:10,86.5,7,40.1,10
2024-12-14 19:42:12,86.5,6.7,40,10
2024-12-14 19:42:15,86.6,6.7,40.1,10
2024-12-14 19:42:17,86.5,6.5,40.1,10
2024-12-14 19:42:19,86.5,6.9,40.1,10
2024-12-14 19:42:21,86.5,6.8,40.2,10
2024-12-14 19:42:23,86.5,6.9,40.2,10
2024-12-14 19:42:25,86.6,7.1,40.3,10
2024-12-14 19:42:28,86.6,6.9,40.2,10
2024-12-14 19:42:30,86.6,7.1,40.2,10
2024-12-14 19:42:32,86.6,7.1,40.3,10
2024-12-14 19:42:34,86.5,6.4,40.5,10
2024-12-14 19:42:36,86.6,7,40.3,10
2024-12-14 19:42:38,86.5,6.6,40.3,10
2024-12-14 19:42:41,86.5,6.8,40.4,10
2024-12-14 19:42:43,86.6,6.9,40.3,10
2024-12-14 19:42:45,86.6,6.4,40.4,10
2024-12-14 19:42:47,86.5,6.9,40.4,10
2024-12-14 19:42:49,86.6,6.6,40.4,10
2024-12-14 19:42:51,86.5,7,40.4,10
2024-12-14 19:42:54,86.6,6.7,40.5,10
2024-12-14 19:42:56,86.5,6.6,40.5,10
2024-12-14 19:42:58,86.5,6.4,40.4,10
2024-12-14 19:43:00,86.5,7.2,40.5,10
2024-12-14 19:43:02,86.5,6.5,40.8,10
2024-12-14 19:43:04,86.6,7.1,40.5,10
2024-12-14 19:43:07,86.6,6.8,40.6,10
2024-12-14 19:43:09,86.5,6.4,40.6,10
2024-12-14 19:43:11,86.5,7,40.6,10
2024-12-14 19:43:13,86.6,6.4,40.6,10
2024-12-14 19:43:15,86.6,6.6,40.6,10
2024-12-14 19:43:17,86.5,6.7,40.6,10
2024-12-14 19:43:19,86.7,6.8,40.6,10
2024-12-14 19:43:22,86.6,6.4,40.6,10
2024-12-14 19:43:24,86.6,6.6,40.7,10
2024-12-14 19:43:26,86.7,6.7,40.7,10
2024-12-14 19:43:28,86.5,7,40.9,10
2024-12-14 19:43:30,86.7,6.9,40.7,10
2024-12-14 19:43:32,86.5,6.4,40.8,10
2024-12-14 19:43:35,86.6,6.7,40.8,10
2024-12-14 19:43:37,86.6,6.5,40.8,10
2024-12-14 19:43:39,86.6,6.8,40.8,10
2024-12-14 19:43:41,86.6,6.6,40.8,10
2024-12-14 19:43:43,86.6,6.4,40.9,10
2024-12-14 19:43:45,86.6,7,40.8,10
2024-12-14 19:43:48,86.6,6.9,40.8,10
2024-12-14 19:43:50,86.6,6.9,40.9,10
2024-12-14 19:43:52,86.5,6.8,40.9,10
2024-12-14 19:43:54,86.6,6.4,41.1,10
2024-12-14 19:43:56,86.6,6.7,40.9,10
2024-12-14 19:43:58,86.6,7.2,40.9,10
2024-12-14 19:44:01,86.6,7.1,40.9,10
2024-12-14 19:44:03,86.6,6.8,40.9,10
2024-12-14 19:44:05,86.6,6.9,40.9,10
2024-12-14 19:44:07,86.7,6.9,41,10
2024-12-14 19:44:09,86.7,7,40.9,10
2024-12-14 19:44:11,86.6,6.7,41,10
2024-12-14 19:44:14,86.6,6.8,41,10
2024-12-14 19:44:16,86.6,6.8,41,10
2024-12-14 19:44:18,86.7,7,41,10
2024-12-14 19:44:20,86.7,6.5,41,10
2024-12-14 19:44:22,86.6,6.7,41.3,10
2024-12-14 19:44:24,86.7,6.6,41,10
2024-12-14 19:44:27,86.7,7,41,10
2024-12-14 19:44:29,86.8,7.2,41,10
2024-12-14 19:44:31,86.6,6.4,41.1,10
2024-12-14 19:44:33,86.6,7.1,41.1,10
2024-12-14 19:44:35,86.8,7.1,41.1,10
2024-12-14 19:44:37,86.7,6.7,41.1,10
2024-12-14 19:44:40,86.7,7,41.1,10
2024-12-14 19:44:42,86.7,6.7,41.1,10
2024-12-14 19:44:44,86.7,7.3,41.1,10
2024-12-14 19:44:46,86.7,7.2,41.1,10
2024-12-14 19:44:48,86.6,7.3,41.4,10
2024-12-14 19:44:50,86.7,7.1,41.2,10
2024-12-14 19:44:52,86.7,7,41.2,10
2024-12-14 19:44:55,86.7,6.5,41.3,10
2024-12-14 19:44:57,86.6,7.2,41.2,10
2024-12-14 19:44:59,86.6,6.9,41.3,10
2024-12-14 19:45:01,86.7,7,41.3,10
2024-12-14 19:45:03,86.9,7,41.3,10
2024-12-14 19:45:05,86.8,6.4,41.3,10
2024-12-14 19:45:08,86.8,7,41.3,10
2024-12-14 19:45:10,86.7,7.4,41.4,10
2024-12-14 19:45:12,86.7,7.4,41.3,10
2024-12-14 19:45:14,86.7,7.5,41.3,10
2024-12-14 19:45:16,86.8,7.2,41.4,10
2024-12-14 19:45:18,86.8,6.6,41.4,10
2024-12-14 19:45:21,86.7,7.3,41.3,10
2024-12-14 19:45:23,86.8,7.1,41.4,10
2024-12-14 19:45:25,86.8,7.1,41.4,10
2024-12-14 19:45:27,86.7,7,41.4,10
2024-12-14 19:45:29,86.9,6.7,41.4,10
2024-12-14 19:45:31,86.8,7,41.4,10
2024-12-14 19:45:34,86.9,6.7,41.4,10
2024-12-14 19:45:36,86.7,7.2,41.4,10
2024-12-14 19:45:38,86.7,7.1,41.4,10
2024-12-14 19:45:40,86.9,6.6,41.4,10
2024-12-14 19:45:42,86.8,6.6,41.6,10
2024-12-14 19:45:44,86.8,7,41.5,10
2024-12-14 19:45:47,86.7,7.3,41.5,10
2024-12-14 19:45:49,86.8,7.1,41.5,10
2024-12-14 19:45:51,86.8,6.4,41.5,10
2024-12-14 19:45:53,86.8,7.1,41.6,10
2024-12-14 19:45:55,86.8,6.7,41.5,10
2024-12-14 19:45:57,86.9,7.4,41.5,10
2024-12-14 19:46:00,86.8,7.6,41.5,10
2024-12-14 19:46:02,86.8,6.9,41.5,10
2024-12-14 19:46:04,86.8,7.3,41.5,10
2024-12-14 19:46:06,86.9,6.6,41.5,10
2024-12-14 19:46:08,86.8,7,41.6,10
2024-12-14 19:46:10,86.8,7.2,41.9,10
2024-12-14 19:46:13,86.8,7.5,41.6,10
2024-12-14 19:46:15,86.8,7.2,41.6,10
2024-12-14 19:46:17,86.9,6.6,41.6,10
2024-12-14 19:46:19,86.9,6.9,41.6,10
2024-12-14 19:46:21,86.9,7.8,41.6,10
2024-12-14 19:46:23,86.8,7.2,41.7,10
2024-12-14 19:46:25,86.8,7.5,41.7,10
2024-12-14 19:46:28,86.8,7.3,41.7,10
2024-12-14 19:46:30,87,6.5,41.6,10
2024-12-14 19:46:32,86.8,7.3,41.7,10
2024-12-14 19:46:34,87,7.3,41.8,10
2024-12-14 19:46:36,86.9,7.3,42,10
2024-12-14 19:46:38,86.8,7.5,41.8,10
2024-12-14 19:46:41,86.8,7.2,41.8,10
2024-12-14 19:46:43,86.9,7.4,41.8,10
2024-12-14 19:46:45,86.8,7.3,41.8,10
2024-12-14 19:46:47,86.8,7.5,41.8,10
2024-12-14 19:46:49,86.9,6.9,41.8,10
2024-12-14 19:46:51,86.8,7.2,41.9,10
2024-12-14 19:46:54,86.9,7.4,41.8,10
2024-12-14 19:46:56,86.8,7.1,41.8,10
2024-12-14 19:46:58,86.8,7.5,41.9,10
2024-12-14 19:47:00,86.8,7.8,41.9,10
2024-12-14 19:47:02,86.8,7.4,42.2,10
2024-12-14 19:47:04,86.9,7,41.9,10
2024-12-14 19:47:07,86.8,7.1,41.9,10
2024-12-14 19:47:09,86.8,7.2,41.9,10
2024-12-14 19:47:11,86.9,7.4,41.9,10
2024-12-14 19:47:13,86.8,7.5,42,10
2024-12-14 19:47:15,86.9,6.8,41.9,10
2024-12-14 19:47:17,86.9,6.8,41.9,10
2024-12-14 19:47:20,86.9,7.3,42,10
2024-12-14 19:47:22,86.8,7,42,10
2024-12-14 19:47:24,86.8,7.1,42,10
2024-12-14 19:47:26,87,7.4,42,10
2024-12-14 19:47:28,86.9,7.8,42,10
2024-12-14 19:47:30,86.8,6.8,42.4,10
2024-12-14 19:47:33,87,7.4,42,10
2024-12-14 19:47:35,86.8,7.4,42.1,10
2024-12-14 19:47:37,86.9,6.9,42.1,10
2024-12-14 19:47:39,86.8,7.2,42.1,10
2024-12-14 19:47:41,86.8,6.9,42.1,10
2024-12-14 19:47:43,87,7.8,42.1,10
2024-12-14 19:47:46,87,7.7,42.1,10
2024-12-14 19:47:48,86.8,7.6,42.2,10
2024-12-14 19:47:50,86.9,6.3,42.2,10
2024-12-14 19:47:52,87,7.4,42.2,10
2024-12-14 19:47:54,86.9,6.9,42.2,10
2024-12-14 19:47:56,87,7,42.6,10
2024-12-14 19:47:58,86.8,7.5,42.2,10
2024-12-14 19:48:01,86.8,7.5,42.2,10
2024-12-14 19:48:03,86.9,7.7,42.4,10
2024-12-14 19:48:05,86.8,7.3,42.3,10
2024-12-14 19:48:07,86.9,7.4,42.3,10
2024-12-14 19:48:09,86.9,7.7,42.3,10
2024-12-14 19:48:11,86.9,7.4,42.3,10
2024-12-14 19:48:14,86.9,7.2,42.3,10
2024-12-14 19:48:16,87.1,6.6,42.3,10
2024-12-14 19:48:18,87,6.7,42.4,10
2024-12-14 19:48:20,87,7.2,42.3,10
2024-12-14 19:48:22,86.9,7.3,42.7,10
2024-12-14 19:48:24,86.9,7.4,42.4,10
2024-12-14 19:48:27,86.8,7.2,42.4,10
2024-12-14 19:48:29,87,7.1,42.4,10
2024-12-14 19:48:31,86.9,7.6,42.4,10
2024-12-14 19:48:33,87,7.8,42.4,10
2024-12-14 19:48:35,86.9,7.7,42.4,10
2024-12-14 19:48:37,86.9,7.7,42.4,10
2024-12-14 19:48:40,86.9,7.2,42.4,10
2024-12-14 19:48:42,86.8,6.3,42.5,10
2024-12-14 19:48:44,86.9,6.9,42.5,10
2024-12-14 19:48:46,86.8,7.6,42.9,10
2024-12-14 19:48:48,86.9,7.1,42.5,10
2024-12-14 19:48:50,86.9,7.1,42.5,10
2024-12-14 19:48:53,86.9,6.4,42.5,10
2024-12-14 19:48:55,86.8,7.7,42.6,10
2024-12-14 19:48:57,87,7.6,42.6,10
2024-12-14 19:48:59,86.9,6.7,42.5,10
2024-12-14 19:49:01,86.9,7.4,42.8,10
2024-12-14 19:49:03,87,7.1,42.6,10
2024-12-14 19:49:06,86.8,7.8,42.6,10
2024-12-14 19:49:08,86.8,7.7,42.7,10
2024-12-14 19:49:10,87,7.1,42.7,10
2024-12-14 19:49:12,86.8,7.3,43,10
2024-12-14 19:49:14,86.9,7.8,42.8,10
2024-12-14 19:49:16,86.9,8.1,42.8,10
2024-12-14 19:49:19,86.8,7.5,42.8,10
2024-12-14 19:49:21,86.9,7.9,42.8,10
2024-12-14 19:49:23,87,7.8,42.9,10
2024-12-14 19:49:25,86.9,7.5,42.8,10
2024-12-14 19:49:27,86.9,6,42.8,10
2024-12-14 19:49:29,86.9,8,42.9,10
2024-12-14 19:49:32,86.8,7.6,42.9,10
2024-12-14 19:49:34,86.9,7.5,42.9,10
2024-12-14 19:49:36,87,7.8,42.9,10
2024-12-14 19:49:38,87,7.4,43.1,10
2024-12-14 19:49:40,87,7.1,42.8,10
2024-12-14 19:49:42,86.9,7,42.9,10
2024-12-14 19:49:45,86.9,7.8,42.9,10
2024-12-14 19:49:47,87,7.5,42.9,10
2024-12-14 19:49:49,87,7,43,10
2024-12-14 19:49:51,87,6.3,43,10
2024-12-14 19:49:53,86.9,7.8,43,10
2024-12-14 19:49:55,86.9,7.7,42.9,10
2024-12-14 19:49:57,86.9,7.6,42.9,10
2024-12-14 19:50:00,86.9,7.5,43,10
2024-12-14 19:50:02,87.1,7.6,42.9,10
2024-12-14 19:50:04,87,7,43.3,10
2024-12-14 19:50:06,87,7.2,43,10
2024-12-14 19:50:08,87,7.6,43,10
2024-12-14 19:50:10,86.9,7.7,43,10
2024-12-14 19:50:13,86.9,6.9,43,10
2024-12-14 19:50:15,87.1,7.2,43.1,10
2024-12-14 19:50:17,87,6.2,43.1,10
2024-12-14 19:50:19,86.9,7.5,43.1,10
2024-12-14 19:50:21,86.9,7.7,43.1,10
2024-12-14 19:50:23,87,7.6,43.1,10
2024-12-14 19:50:26,87,8,43,10
2024-12-14 19:50:28,87.1,7.4,43.1,10
2024-12-14 19:50:30,86.9,7,43.4,10
2024-12-14 19:50:32,86.9,7.2,43.1,10
2024-12-14 19:50:34,87,7.6,43.1,10
2024-12-14 19:50:36,87,6.7,43.1,10
2024-12-14 19:50:39,87,7.9,43.2,10
2024-12-14 19:50:41,86.9,7.7,43.2,10
2024-12-14 19:50:43,87,6.9,43.2,10
2024-12-14 19:50:45,87,6.4,43.2,10
2024-12-14 19:50:47,86.9,7.7,43.2,10
2024-12-14 19:50:49,86.9,7.6,43.2,10
2024-12-14 19:50:52,87.1,7.2,43.2,10
2024-12-14 19:50:54,86.9,7.4,43.3,10
2024-12-14 19:50:56,86.9,7.6,43.5,10
2024-12-14 19:50:58,87,7.5,43.3,10
2024-12-14 19:51:00,86.9,7.1,43.3,10
2024-12-14 19:51:02,86.9,7.7,43.3,10
2024-12-14 19:51:04,87,7.9,43.3,10
2024-12-14 19:51:07,87,7.5,43.3,10
2024-12-14 19:51:09,87,7.4,43.3,10
2024-12-14 19:51:11,86.9,7.1,43.4,10
2024-12-14 19:51:13,87,7.2,43.3,10
2024-12-14 19:51:15,87,7.4,43.3,10
2024-12-14 19:51:17,86.9,7.5,43.4,10
2024-12-14 19:51:20,86.9,7.9,43.4,10
2024-12-14 19:51:22,86.9,7.8,43.6,10
2024-12-14 19:51:24,87,6.8,43.4,10
2024-12-14 19:51:26,87.1,7.7,43.4,10
2024-12-14 19:51:28,86.9,7.7,43.4,10
2024-12-14 19:51:30,87,6.3,43.4,10
2024-12-14 19:51:33,86.9,6.4,43.4,10
2024-12-14 19:51:35,87,7.5,43.5,10
2024-12-14 19:51:37,87,6.5,43.5,10
2024-12-14 19:51:39,87.1,7.6,43.4,10
2024-12-14 19:51:41,87,6.7,43.5,10
2024-12-14 19:51:43,87.1,7.5,43.5,10
2024-12-14 19:51:46,87,6.2,43.5,10
2024-12-14 19:51:48,87.1,7.9,43.7,10
2024-12-14 19:51:50,87,7.4,43.5,10
2024-12-14 19:51:52,87.1,7.4,43.5,10
2024-12-14 19:51:54,87,7.4,43.5,10
2024-12-14 19:51:56,87.1,7.4,43.6,10
2024-12-14 19:51:59,87.1,6.9,43.5,10
2024-12-14 19:52:01,87.2,6.9,43.5,10
2024-12-14 19:52:03,87,7.9,43.5,10
2024-12-14 19:52:05,87.1,7.7,43.6,10
2024-12-14 19:52:07,87,7.7,43.5,10
2024-12-14 19:52:09,87,7.8,43.6,10
2024-12-14 19:52:12,87.1,7.6,43.6,10
2024-12-14 19:52:14,87.2,7.2,43.9,10
2024-12-14 19:52:16,87.1,7.9,43.6,10
2024-12-14 19:52:18,87.1,7.4,43.6,10
2024-12-14 19:52:20,87.1,7.7,43.6,10
2024-12-14 19:52:22,87,8.1,43.6,10
2024-12-14 19:52:25,87,7,43.6,10
2024-12-14 19:52:27,87.1,7.9,43.6,10
2024-12-14 19:52:29,87.1,7.9,43.6,10
2024-12-14 19:52:31,87,7.9,43.6,10
2024-12-14 19:52:33,87.1,7.4,43.6,10
2024-12-14 19:52:35,87.2,6.9,43.6,10
2024-12-14 19:52:38,87.1,7.6,43.7,10
2024-12-14 19:52:40,87,7.2,43.6,10
2024-12-14 19:52:42,87,7.7,43.7,10
2024-12-14 19:52:44,87.2,7.3,43.6,10
2024-12-14 19:52:46,87,7.1,43.7,10
2024-12-14 19:52:48,87,7.3,43.7,10
2024-12-14 19:52:50,87.1,7.7,43.7,10
2024-12-14 19:52:53,87,8,43.8,10
2024-12-14 19:52:55,87,7.1,43.7,10
2024-12-14 19:52:57,87,7.6,43.8,10
2024-12-14 19:52:59,87.1,6.4,43.8,10
2024-12-14 19:53:01,87.1,7.2,43.8,10
2024-12-14 19:53:03,87.1,6.1,44,10
2024-12-14 19:53:06,87.2,6.4,43.7,10
2024-12-14 19:53:08,87,7.1,43.8,10
2024-12-14 19:53:10,87.2,7.5,43.8,10
2024-12-14 19:53:12,87,7.8,43.8,10
2024-12-14 19:53:14,87,7.5,43.8,10
2024-12-14 19:53:16,87,7,43.8,10
2024-12-14 19:53:19,87.1,7.8,43.8,10
2024-12-14 19:53:21,87.1,6.7,43.8,10
2024-12-14 19:53:23,87,7.1,43.8,10
2024-12-14 19:53:25,87.1,7,43.8,10
2024-12-14 19:53:27,87.1,6.9,43.8,10
2024-12-14 19:53:29,87,7.8,43.8,10
2024-12-14 19:53:32,87.2,7.2,43.8,10
2024-12-14 19:53:34,87.1,6.7,43.8,10
2024-12-14 19:53:36,87.1,7.5,43.9,10
2024-12-14 19:53:38,87.2,7.7,43.9,10
2024-12-14 19:53:40,87.1,7.7,43.9,10
2024-12-14 19:53:42,87,7.8,43.9,10
2024-12-14 19:53:45,87.1,7.1,43.9,10
2024-12-14 19:53:47,87.2,7.6,43.9,10
2024-12-14 19:53:49,87.1,7.1,43.9,10
2024-12-14 19:53:51,87.2,7.9,43.9,10
2024-12-14 19:53:53,87.2,7.7,43.9,10
2024-12-14 19:53:55,87,6,44,10
2024-12-14 19:53:58,87.1,6.8,43.9,10
2024-12-14 19:54:00,87.1,7.9,44,10
2024-12-14 19:54:02,87.1,7.1,44,10
2024-12-14 19:54:04,87.1,7.7,44,10
2024-12-14 19:54:06,87.1,6.2,44,10
2024-12-14 19:54:08,87.1,7.1,44.1,10
2024-12-14 19:54:10,87.1,6.3,44,10
2024-12-14 19:54:13,87.3,7.2,44,10
2024-12-14 19:54:15,87.2,7.7,44.1,10
2024-12-14 19:54:17,87.1,7.6,44,10
2024-12-14 19:54:19,87.1,7.8,44.2,10
2024-12-14 19:54:21,87.2,7.8,44,10
2024-12-14 19:54:23,87.2,7.7,44.1,10
2024-12-14 19:54:26,87.2,7.8,44.1,10
2024-12-14 19:54:28,87.2,6.1,44.1,10
2024-12-14 19:54:30,87.2,7.8,44.1,10
2024-12-14 19:54:32,87.2,6.7,44.1,10
2024-12-14 19:54:34,87.1,6.1,44.2,10
2024-12-14 19:54:36,87.2,7.1,44.1,10
2024-12-14 19:54:39,87.1,7,44.1,10
2024-12-14 19:54:41,87.1,7.8,44.1,10
2024-12-14 19:54:43,87.2,7.9,44.2,10
2024-12-14 19:54:45,87.3,6.3,44.4,10
2024-12-14 19:54:47,87.2,7.9,44.1,10
2024-12-14 19:54:49,87.2,6.2,44.1,10
2024-12-14 19:54:52,87.1,6.2,44.1,10
2024-12-14 19:54:54,87.1,7.6,44.2,10
2024-12-14 19:54:56,87.2,7,44.1,10
2024-12-14 19:54:58,87.1,7.8,44.2,10
2024-12-14 19:55:00,87.2,6.9,44.1,10
2024-12-14 19:55:02,87.2,7.8,44.1,10
2024-12-14 19:55:05,87.2,7.6,44.2,10
2024-12-14 19:55:07,87.3,8.2,44.2,10
2024-12-14 19:55:09,87.1,6.2,44.2,10
2024-12-14 19:55:11,87.2,7.6,44.2,10
2024-12-14 19:55:13,87.1,7.6,44.2,10
2024-12-14 19:55:15,87.2,7.8,44.2,10
2024-12-14 19:55:18,87.2,8,44.2,10
2024-12-14 19:55:20,87.2,7.1,44.1,10
2024-12-14 19:55:22,87.3,7.4,44.2,10
2024-12-14 19:55:24,87.2,6.1,44.3,10
2024-12-14 19:55:26,87.2,7.2,44.2,10
2024-12-14 19:55:28,87.3,7.5,44.3,10
2024-12-14 19:55:31,87.2,6.7,44.1,10
2024-12-14 19:55:33,87.3,7.9,44.3,10
2024-12-14 19:55:35,87.1,7.7,44.3,10
2024-12-14 19:55:37,87.2,8,44.6,10
2024-12-14 19:55:39,87.2,7.6,44.3,10
2024-12-14 19:55:41,87.2,7.6,44.4,10
2024-12-14 19:55:44,87.3,7,44.3,10
2024-12-14 19:55:46,87.2,6.5,44.3,10
2024-12-14 19:55:48,87.2,7.2,44.3,10
2024-12-14 19:55:50,87.2,7.3,44.4,10
2024-12-14 19:55:52,87.3,7.2,44.4,10
2024-12-14 19:55:54,87.2,7,44.4,10
2024-12-14 19:55:57,87.2,7.5,44.4,10
2024-12-14 19:55:59,87.2,7.6,44.5,10
2024-12-14 19:56:01,87.3,7.4,44.5,10
2024-12-14 19:56:03,87.2,6.8,44.5,10
2024-12-14 19:56:05,87.1,7.7,44.5,10
2024-12-14 19:56:07,87.2,6.3,44.5,10
2024-12-14 19:56:09,87.2,7.5,44.5,10
2024-12-14 19:56:12,87.3,7.6,44.5,10
2024-12-14 19:56:14,87.2,7,44.5,10
2024-12-14 19:56:16,87.2,7.8,44.6,10
2024-12-14 19:56:18,87.4,6.8,44.6,10
2024-12-14 19:56:20,87.1,7.7,44.5,10
2024-12-14 19:56:22,87.2,8,44.6,10
2024-12-14 19:56:25,87.2,7.9,44.6,10
2024-12-14 19:56:27,87.1,7.8,44.6,10
2024-12-14 19:56:29,87.3,7.7,45,10
2024-12-14 19:56:31,87.2,7.5,44.7,10
2024-12-14 19:56:33,87.3,7,44.6,10
2024-12-14 19:56:35,87.3,6.8,44.6,10
2024-12-14 19:56:38,87.3,6.1,44.6,10
2024-12-14 19:56:40,87.4,6.5,44.6,10
2024-12-14 19:56:42,87.3,7.8,44.6,10
2024-12-14 19:56:44,87.2,7.8,44.6,10
2024-12-14 19:56:46,87.2,7.8,44.7,10
2024-12-14 19:56:48,87.3,7.5,44.6,10
2024-12-14 19:56:51,87.3,8,44.6,10
2024-12-14 19:56:53,87.3,7.5,44.9,10
2024-12-14 19:56:55,87.2,7.3,44.7,10
2024-12-14 19:56:57,87.4,7.4,44.6,10
2024-12-14 19:56:59,87.2,7.8,44.6,10
2024-12-14 19:57:01,87.3,7.7,44.7,10
2024-12-14 19:57:04,87.2,7.2,44.7,10
2024-12-14 19:57:06,87.3,7.2,44.6,10
2024-12-14 19:57:08,87.3,7.7,44.7,10
2024-12-14 19:57:10,87.4,7.5,44.7,10
2024-12-14 19:57:12,87.3,7,44.6,10
2024-12-14 19:57:14,87.2,8,44.7,10
2024-12-14 19:57:17,87.2,7.5,44.7,10
2024-12-14 19:57:19,87.2,8.2,45.1,10
2024-12-14 19:57:21,87.3,7.5,44.7,10
2024-12-14 19:57:23,87.2,6.3,44.8,10
2024-12-14 19:57:25,87.2,6.3,44.8,10
2024-12-14 19:57:27,87.3,7.6,44.6,10
2024-12-14 19:57:30,87.3,6.8,44.8,10
2024-12-14 19:57:32,87.3,7.6,44.8,10
2024-12-14 19:57:34,87.4,6.4,44.8,10
2024-12-14 19:57:36,87.3,7.7,44.8,10
2024-12-14 19:57:38,87.2,7.8,44.8,10
2024-12-14 19:57:40,87.3,7,44.8,10
2024-12-14 19:57:43,87.3,7.4,44.9,10
2024-12-14 19:57:45,87.4,7.9,45.2,10
2024-12-14 19:57:47,87.2,7.3,44.9,10
2024-12-14 19:57:49,87.2,8,44.9,10
2024-12-14 19:57:51,87.3,6.9,44.9,10
2024-12-14 19:57:53,87.3,7.8,44.9,10
2024-12-14 19:57:55,87.3,6.5,44.9,10
2024-12-14 19:57:58,87.2,6.2,44.9,10
2024-12-14 19:58:00,87.4,7.6,44.9,10
2024-12-14 19:58:02,87.3,7.8,44.9,10
2024-12-14 19:58:04,87.3,7.7,44.9,10
2024-12-14 19:58:06,87.3,7.9,44.9,10
2024-12-14 19:58:08,87.4,6.3,45.3,10
2024-12-14 19:58:11,87.4,7.8,44.9,10
2024-12-14 19:58:13,87.3,7.3,44.9,10
2024-12-14 19:58:15,87.4,7.7,45,10
2024-12-14 19:58:17,87.3,7.1,44.9,10
2024-12-14 19:58:19,87.4,7.9,44.9,10
2024-12-14 19:58:21,87.3,8.1,45,10
2024-12-14 19:58:24,87.4,6.5,44.9,10
2024-12-14 19:58:26,87.3,6.3,44.9,10
2024-12-14 19:58:28,87.3,7.4,45,10
2024-12-14 19:58:30,87.3,7.7,45,10
2024-12-14 19:58:32,87.4,8,45,10
2024-12-14 19:58:34,87.3,8.1,45.4,10
2024-12-14 19:58:37,87.3,8.1,45,10
2024-12-14 19:58:39,87.3,7.7,44.9,10
2024-12-14 19:58:41,87.4,7.6,45,10
2024-12-14 19:58:43,87.3,6.2,44.9,10
2024-12-14 19:58:45,87.4,7.7,45,10
2024-12-14 19:58:47,87.3,6.2,45,10
2024-12-14 19:58:50,87.3,6.3,45,10
2024-12-14 19:58:52,87.4,7.5,44.9,10
2024-12-14 19:58:54,87.4,7.6,44.9,10
2024-12-14 19:58:56,87.4,7.1,45,10
2024-12-14 19:58:58,87.3,7.8,45,10
2024-12-14 19:59:00,87.4,6.2,45,10
2024-12-14 19:59:03,87.4,7.8,45,10
2024-12-14 19:59:05,87.4,7.6,45,10
2024-12-14 19:59:07,87.3,7.6,45,10
2024-12-14 19:59:09,87.4,6.2,44.9,10
2024-12-14 19:59:11,87.4,7.8,45,10
2024-12-14 19:59:13,87.4,7.7,45,10
2024-12-14 19:59:16,87.5,7,45,10
2024-12-14 19:59:18,87.4,8,45,10
2024-12-14 19:59:20,87.4,7.5,45,10
2024-12-14 19:59:22,87.4,8,45,10
2024-12-14 19:59:24,87.4,7.9,45.4,10
2024-12-14 19:59:26,87.6,7.9,45,10
2024-12-14 19:59:28,87.5,6.2,45,10
2024-12-14 19:59:31,87.4,8.1,45,10
2024-12-14 19:59:33,87.4,8.1,45,10
2024-12-14 19:59:35,87.4,7.7,45,10
2024-12-14 19:59:37,87.5,7.9,45,10
2024-12-14 19:59:39,87.4,6,45,10
2024-12-14 19:59:41,87.4,8.1,45,10
2024-12-14 19:59:44,87.4,7.9,45,10
2024-12-14 19:59:46,87.4,7.9,45,10
2024-12-14 19:59:48,87.4,7.8,45,10
2024-12-14 19:59:50,87.4,7.8,45.3,10
2024-12-14 19:59:52,87.4,7.5,45.1,10
2024-12-14 19:59:54,87.4,6.3,45,10
2024-12-14 19:59:57,87.6,6.4,45.1,10
2024-12-14 19:59:59,87.4,6.5,45.1,10
2024-12-14 20:00:01,87.4,6.2,45.2,10
2024-12-14 20:00:03,87.5,7.6,45.1,10
2024-12-14 20:00:05,87.5,7.6,45.1,10
2024-12-14 20:00:07,87.5,6.3,45.1,10
2024-12-14 20:00:10,87.4,6.9,45.1,10
2024-12-14 20:00:12,87.4,7.8,45.1,10
2024-12-14 20:00:14,87.5,8,45.2,10
2024-12-14 20:00:16,87.5,7.9,45.1,10
2024-12-14 20:00:18,87.5,7.5,45.1,10
2024-12-14 20:00:20,87.5,6.9,45.1,10
2024-12-14 20:00:23,87.4,8,45.1,10
2024-12-14 20:00:25,87.6,8,45.1,10
2024-12-14 20:00:27,87.5,6.2,45.2,10
2024-12-14 20:00:29,87.4,7.9,45.2,10
2024-12-14 20:00:31,87.4,7.9,45.3,10
2024-12-14 20:00:33,87.5,7.4,45.3,10
2024-12-14 20:00:36,87.6,7.2,45.2,10
2024-12-14 20:00:38,87.6,6.7,45.2,10
2024-12-14 20:00:40,87.4,8.1,45.3,10
2024-12-14 20:00:42,87.4,7.9,45.3,10
2024-12-14 20:00:44,87.5,6.3,45.3,10
2024-12-14 20:00:46,87.4,7.9,45.3,10
2024-12-14 20:00:49,87.4,6.7,45.3,10
2024-12-14 20:00:51,87.4,8.1,45.3,10
2024-12-14 20:00:53,87.5,6.3,45.3,10
2024-12-14 20:00:55,87.5,7.8,45.4,10
2024-12-14 20:00:57,87.5,6.4,45.4,10
2024-12-14 20:00:59,87.4,7.7,45.4,10
2024-12-14 20:01:02,87.5,8.1,45.4,10
2024-12-14 20:01:04,87.4,6.3,45.4,10
2024-12-14 20:01:06,87.5,8,45.8,10
2024-12-14 20:01:08,87.4,6.4,45.4,10
2024-12-14 20:01:10,87.4,8.1,45.4,10
2024-12-14 20:01:12,87.4,7,45.4,10
2024-12-14 20:01:14,87.5,8.1,45.5,10
2024-12-14 20:01:17,87.4,6.3,45.4,10
2024-12-14 20:01:19,87.4,7.8,45.5,10
2024-12-14 20:01:21,87.5,7.3,45.5,10
2024-12-14 20:01:23,87.5,8.1,45.5,10
2024-12-14 20:01:25,87.4,8.2,45.5,10
2024-12-14 20:01:27,87.6,7.4,45.5,10
2024-12-14 20:01:30,87.4,8.2,45.5,10
2024-12-14 20:01:32,87.5,6.4,45.4,10
2024-12-14 20:01:34,87.4,7.9,45.5,10
2024-12-14 20:01:36,87.5,7,45.5,10
2024-12-14 20:01:38,87.4,7.7,45.5,10
2024-12-14 20:01:40,87.4,7.8,45.5,10
2024-12-14 20:01:43,87.5,7.8,45.5,10
2024-12-14 20:01:45,87.5,6.3,45.5,10
2024-12-14 20:01:47,87.4,7.9,45.6,10
2024-12-14 20:01:49,87.5,7.2,45.5,10
2024-12-14 20:01:51,87.5,7.8,45.5,10
2024-12-14 20:01:53,87.4,7.7,45.6,10
2024-12-14 20:01:56,87.5,7.6,45.5,10
2024-12-14 20:01:58,87.5,7.9,45.6,10
2024-12-14 20:02:00,87.6,7.5,45.6,10
2024-12-14 20:02:02,87.5,6.2,45.5,10
2024-12-14 20:02:04,87.4,6.4,45.6,10
2024-12-14 20:02:06,87.4,8.1,45.6,10
2024-12-14 20:02:09,87.4,6.2,45.6,10
2024-12-14 20:02:11,87.5,6.8,45.6,10
2024-12-14 20:02:13,87.6,7.2,45.6,10
2024-12-14 20:02:15,87.5,6.1,45.6,10
2024-12-14 20:02:17,87.5,6.5,45.6,10
2024-12-14 20:02:19,87.4,6.9,45.6,10
2024-12-14 20:02:22,87.4,6.1,46,10
2024-12-14 20:02:24,87.5,8.1,45.5,10
2024-12-14 20:02:26,87.4,8.1,45.6,10
2024-12-14 20:02:28,87.4,7.6,45.6,10
2024-12-14 20:02:30,87.4,7.6,45.6,10
2024-12-14 20:02:32,87.4,6.2,45.5,10
2024-12-14 20:02:35,87.5,7.7,45.6,10
2024-12-14 20:02:37,87.5,7.9,45.6,10
2024-12-14 20:02:39,87.6,7.6,45.6,10
2024-12-14 20:02:41,87.4,7.6,45.7,10
2024-12-14 20:02:43,87.5,6.2,45.7,10
2024-12-14 20:02:45,87.4,8,45.6,10
2024-12-14 20:02:48,87.4,6.9,45.6,10
2024-12-14 20:02:50,87.5,7.6,45.7,10
2024-12-14 20:02:52,87.5,7.6,45.7,10
2024-12-14 20:02:54,87.5,6.1,45.7,10
2024-12-14 20:02:56,87.6,7.2,45.8,10
2024-12-14 20:02:58,87.6,6.7,45.7,10
2024-12-14 20:03:01,87.4,7.4,45.7,10
2024-12-14 20:03:03,87.5,7.4,45.8,10
2024-12-14 20:03:05,87.5,7.6,45.8,10
2024-12-14 20:03:07,87.5,6.2,45.7,10
2024-12-14 20:03:09,87.6,7.5,46.1,10
2024-12-14 20:03:11,87.5,6.8,45.8,10
2024-12-14 20:03:13,87.5,7.5,45.7,10
2024-12-14 20:03:16,87.4,7.9,45.8,10
2024-12-14 20:03:18,87.4,7.7,45.9,10
2024-12-14 20:03:20,87.5,7.6,45.8,10
2024-12-14 20:03:22,87.5,6.9,45.8,10
2024-12-14 20:03:24,87.4,7.6,45.8,10
2024-12-14 20:03:26,87.5,6.1,45.8,10
2024-12-14 20:03:29,87.4,7.6,45.8,10
2024-12-14 20:03:31,87.5,8,45.8,10
2024-12-14 20:03:33,87.5,7.5,45.9,10
2024-12-14 20:03:35,87.4,8.1,45.8,10
2024-12-14 20:03:37,87.5,8,45.8,10
2024-12-14 20:03:39,87.5,7.9,45.8,10
2024-12-14 20:03:42,87.5,8.2,45.8,10
2024-12-14 20:03:44,87.5,6.3,45.8,10
2024-12-14 20:03:46,87.5,6.6,45.8,10
2024-12-14 20:03:48,87.5,7.8,45.8,10
2024-12-14 20:03:50,87.5,8.2,45.8,10
2024-12-14 20:03:52,87.5,6.3,45.8,10
2024-12-14 20:03:55,87.6,7.8,46,10
2024-12-14 20:03:57,87.5,7.5,45.8,10
2024-12-14 20:03:59,87.6,7.5,46.2,10
2024-12-14 20:04:01,87.6,7,45.8,10
2024-12-14 20:04:03,87.5,7.9,45.9,10
2024-12-14 20:04:05,87.5,6.1,45.9,10
2024-12-14 20:04:08,87.5,7.8,45.9,10
2024-12-14 20:04:10,87.5,7,45.8,10
2024-12-14 20:04:12,87.6,7.5,45.9,10
2024-12-14 20:04:14,87.6,6.5,45.9,10
2024-12-14 20:04:16,87.5,6.3,45.9,10
2024-12-14 20:04:18,87.6,6.3,45.9,10
2024-12-14 20:04:21,87.5,6.6,45.9,10
2024-12-14 20:04:23,87.5,6.3,45.9,10
2024-12-14 20:04:25,87.7,7.5,45.9,10
2024-12-14 20:04:27,87.5,6.3,45.9,10
2024-12-14 20:04:29,87.5,7.9,45.8,10
2024-12-14 20:04:31,87.6,8.1,45.9,10
2024-12-14 20:04:34,87.6,7.7,45.9,10
2024-12-14 20:04:36,87.5,7.5,45.9,10
2024-12-14 20:04:38,87.6,6.2,46,10
2024-12-14 20:04:40,87.5,7.2,46,10
2024-12-14 20:04:42,87.5,7.9,45.9,10
2024-12-14 20:04:44,87.5,7.2,45.9,10
2024-12-14 20:04:47,87.6,7.9,45.9,10
2024-12-14 20:04:49,87.6,8.2,46.3,10
2024-12-14 20:04:51,87.7,7.8,46,10
2024-12-14 20:04:53,87.5,6,46,10
2024-12-14 20:04:55,87.7,7.9,46,10
2024-12-14 20:04:57,87.5,7.9,45.9,10
2024-12-14 20:05:00,87.5,7.8,46,10
2024-12-14 20:05:02,87.5,7.7,46,10
2024-12-14 20:05:04,87.5,7.7,46,10
2024-12-14 20:05:06,87.5,7.8,46,10
2024-12-14 20:05:08,87.7,7.1,46,10
2024-12-14 20:05:10,87.5,7.5,46,10
2024-12-14 20:05:12,87.5,7.9,46,10
2024-12-14 20:05:15,87.6,7.8,46.1,10
2024-12-14 20:05:17,87.6,8.1,46,10
2024-12-14 20:05:19,87.5,6.2,46.1,10
2024-12-14 20:05:21,87.5,8,46,10
2024-12-14 20:05:23,87.5,8,46,10
2024-12-14 20:05:25,87.5,7.5,46.1,10
2024-12-14 20:05:28,87.5,7.6,46,10
2024-12-14 20:05:30,87.6,6.3,46.1,10
2024-12-14 20:05:32,87.6,7,46.1,10
2024-12-14 20:05:34,87.7,8,46.1,10
2024-12-14 20:05:36,87.5,7.4,46.4,10
2024-12-14 20:05:38,87.5,7.9,46.1,10
2024-12-14 20:05:41,87.6,7.9,46.1,10
2024-12-14 20:05:43,87.6,7.4,46.1,10
2024-12-14 20:05:45,87.5,7.9,46.1,10
2024-12-14 20:05:47,87.6,7.8,46.1,10
2024-12-14 20:05:49,87.6,6.1,46.1,10
2024-12-14 20:05:51,87.5,8.1,46.2,10
2024-12-14 20:05:54,87.6,6.2,46.1,10
2024-12-14 20:05:56,87.6,7.9,46.1,10
2024-12-14 20:05:58,87.5,8.1,46.3,10
2024-12-14 20:06:00,87.6,7.4,46.1,10
2024-12-14 20:06:02,87.6,6.2,46.3,10
2024-12-14 20:06:04,87.6,7.8,46.3,10
2024-12-14 20:06:07,87.6,6.5,46.3,10
2024-12-14 20:06:09,87.5,8,46.3,10
2024-12-14 20:06:11,87.6,7.7,46.3,10
2024-12-14 20:06:13,87.5,7.7,46.3,10
2024-12-14 20:06:15,87.5,8,46.3,10
2024-12-14 20:06:17,87.6,7.9,46.3,10
2024-12-14 20:06:20,87.5,7.7,46.3,10
2024-12-14 20:06:22,87.5,7.3,46.3,10
2024-12-14 20:06:24,87.6,8,46.3,10
2024-12-14 20:06:26,87.6,7.5,46.6,10
2024-12-14 20:06:28,87.7,7.5,46.3,10
2024-12-14 20:06:30,87.7,7.8,46.3,10
2024-12-14 20:06:33,87.6,7.7,46.3,10
2024-12-14 20:06:35,87.6,7.8,46.3,10
2024-12-14 20:06:37,87.7,7.9,46.3,10
2024-12-14 20:06:39,87.6,6.3,46.3,10
2024-12-14 20:06:41,87.6,7.9,46.3,10
2024-12-14 20:06:43,87.6,7.9,46.4,10
2024-12-14 20:06:46,87.7,6.2,46.3,10
2024-12-14 20:06:48,87.6,8.3,46.4,10
2024-12-14 20:06:50,87.6,6.2,46.4,10
2024-12-14 20:06:52,87.6,7.4,46.3,10
2024-12-14 20:06:54,87.6,7.8,46.3,10
2024-12-14 20:06:56,87.6,6.4,46.4,10
2024-12-14 20:06:58,87.6,6,46.4,10
2024-12-14 20:07:01,87.6,6.3,46.4,10
2024-12-14 20:07:03,87.7,8.1,46.4,10
2024-12-14 20:07:05,87.6,6.4,46.4,10
2024-12-14 20:07:07,87.6,6.3,46.4,10
2024-12-14 20:07:09,87.6,6.2,46.4,10
2024-12-14 20:07:11,87.6,7.9,46.5,10
2024-12-14 20:07:14,87.6,8,46.4,10
2024-12-14 20:07:16,87.7,6.3,46.8,10
2024-12-14 20:07:18,87.7,6.7,46.4,10
2024-12-14 20:07:20,87.7,6.2,46.4,10
2024-12-14 20:07:22,87.6,7.7,46.4,10
2024-12-14 20:07:24,87.6,8.1,46.4,10
2024-12-14 20:07:27,87.6,6.2,46.5,10
2024-12-14 20:07:29,87.7,8.2,46.4,10
2024-12-14 20:07:31,87.7,6.1,46.5,10
2024-12-14 20:07:33,87.6,8.2,46.5,10
2024-12-14 20:07:35,87.6,8.2,46.4,10
2024-12-14 20:07:37,87.7,8.2,46.4,10
2024-12-14 20:07:40,87.6,7.9,46.5,10
2024-12-14 20:07:42,87.7,6.2,46.4,10
2024-12-14 20:07:44,87.7,6.2,46.5,10
2024-12-14 20:07:46,87.6,6.2,46.5,10
2024-12-14 20:07:48,87.6,6.2,46.5,10
2024-12-14 20:07:50,87.6,6.2,46.5,10
2024-12-14 20:07:53,87.6,6.4,46.5,10
2024-12-14 20:07:55,87.7,6.3,46.5,10
2024-12-14 20:07:57,87.7,6.4,46.6,10
2024-12-14 20:07:59,87.6,6.4,46.5,10
2024-12-14 20:08:01,87.7,8.1,46.6,10
2024-12-14 20:08:03,87.7,6.3,46.6,10
2024-12-14 20:08:06,87.6,6.3,46.5,10
2024-12-14 20:08:08,87.8,6.2,46.5,10
2024-12-14 20:08:10,87.6,6.1,46.6,10
2024-12-14 20:08:12,87.6,7.9,46.6,10
2024-12-14 20:08:14,87.7,6.2,46.6,10
2024-12-14 20:08:16,87.8,7.9,46.6,10
2024-12-14 20:08:19,87.7,6.8,46.5,10
2024-12-14 20:08:21,87.7,6.3,46.5,10
2024-12-14 20:08:23,87.7,6.3,46.5,10
2024-12-14 20:08:25,87.7,6.3,46.6,10
2024-12-14 20:08:27,87.7,6.2,46.7,10
2024-12-14 20:08:29,87.7,6.3,46.6,10
2024-12-14 20:08:32,87.7,8.1,46.6,10
2024-12-14 20:08:34,87.7,6.2,46.6,10
2024-12-14 20:08:36,87.7,6.2,46.6,10
2024-12-14 20:08:38,87.7,6.2,46.7,10
2024-12-14 20:08:40,87.7,6.2,46.9,10
2024-12-14 20:08:42,87.7,6.2,46.6,10
2024-12-14 20:08:45,87.7,8.400001,46.6,10
2024-12-14 20:08:47,87.7,6.4,46.6,10
2024-12-14 20:08:49,87.7,8.2,46.6,10
2024-12-14 20:08:51,87.7,6.4,46.7,10
2024-12-14 20:08:53,87.7,6.1,46.8,10
2024-12-14 20:08:55,87.9,7,46.6,10
2024-12-14 20:08:57,87.7,6.4,46.6,10
2024-12-14 20:09:00,87.8,7.5,46.6,10
2024-12-14 20:09:02,87.6,6.3,46.9,10
2024-12-14 20:09:04,87.7,6.7,46.6,10
2024-12-14 20:09:06,87.7,8.1,46.6,10
2024-12-14 20:09:08,87.7,6.2,46.8,10
2024-12-14 20:09:10,87.8,6.9,46.4,10
2024-12-14 20:09:13,87.7,8.2,46.6,10
2024-12-14 20:09:15,87.7,6.2,46.6,10
2024-12-14 20:09:17,87.8,6.5,46.6,10
2024-12-14 20:09:19,87.7,6.3,46.7,10
2024-12-14 20:09:21,87.7,6.2,46.6,10
2024-12-14 20:09:23,87.7,8.2,46.6,10
2024-12-14 20:09:26,87.7,7.4,46.6,10
2024-12-14 20:09:28,87.8,7.7,46.6,10
2024-12-14 20:09:30,87.7,6.1,46.6,10
2024-12-14 20:09:32,87.6,6.3,46.6,10
2024-12-14 20:09:34,87.8,6.9,46.4,10
2024-12-14 20:09:36,87.7,6.2,46.7,10
2024-12-14 20:09:39,87.9,7.4,46.7,10
2024-12-14 20:09:41,87.6,6.3,46.7,10
2024-12-14 20:09:43,87.7,8,46.7,10
2024-12-14 20:09:45,87.7,6.1,46.7,10
2024-12-14 20:09:47,87.6,7.8,46.7,10
2024-12-14 20:09:49,87.6,6,46.6,10
2024-12-14 20:09:52,87.6,8.1,46.8,10
2024-12-14 20:09:54,87.6,8,46.6,10
2024-12-14 20:09:56,87.7,6.1,46.8,10
2024-12-14 20:09:58,87.6,6.1,46.8,10
2024-12-14 20:10:00,87.6,8.2,46.7,10
2024-12-14 20:10:02,87.7,7.8,46.7,10
2024-12-14 20:10:05,87.6,8.2,46.8,10
2024-12-14 20:10:07,87.6,6.2,46.7,10
2024-12-14 20:10:09,87.6,8.1,46.8,10
2024-12-14 20:10:11,87.6,6.3,46.8,10
2024-12-14 20:10:13,87.7,7.8,46.8,10
2024-12-14 20:10:15,87.6,7.9,46.7,10
2024-12-14 20:10:18,87.7,8.3,47.1,10
2024-12-14 20:10:20,87.6,7.6,46.8,10
2024-12-14 20:10:22,87.6,6.2,46.8,10
2024-12-14 20:10:24,87.6,6.4,46.8,10
2024-12-14 20:10:26,87.6,8.2,46.8,10
2024-12-14 20:10:28,87.6,8.1,46.8,10
2024-12-14 20:10:31,87.7,7.7,46.8,10
2024-12-14 20:10:33,87.6,6.1,46.8,10
2024-12-14 20:10:35,87.6,8.400001,46.8,10
2024-12-14 20:10:37,87.7,6.4,46.6,10
2024-12-14 20:10:39,87.6,6.5,46.8,10
2024-12-14 20:10:41,87.6,6.6,46.7,10
2024-12-14 20:10:44,87.6,6.2,46.6,10
2024-12-14 20:10:46,87.8,8,46.6,10
2024-12-14 20:10:48,87.6,7.4,46.7,10
2024-12-14 20:10:50,87.7,7.6,46.7,10
2024-12-14 20:10:52,87.8,6.4,46.7,10
2024-12-14 20:10:54,87.7,6.1,46.8,10
2024-12-14 20:10:57,87.6,6.2,46.8,10
2024-12-14 20:10:59,87.7,7.6,46.8,10
2024-12-14 20:11:01,87.7,7,46.6,10
2024-12-14 20:11:03,87.7,6.1,46.7,10
2024-12-14 20:11:05,87.8,7.4,46.8,10
2024-12-14 20:11:07,87.6,8,46.8,10
2024-12-14 20:11:09,87.7,8.400001,46.8,10
2024-12-14 20:11:12,87.7,6.1,46.8,10
2024-12-14 20:11:14,87.7,7.2,46.7,10
2024-12-14 20:11:16,87.6,6.6,46.7,10
2024-12-14 20:11:18,87.7,8.1,46.8,10
2024-12-14 20:11:20,87.7,6.3,46.8,10
2024-12-14 20:11:22,87.7,8.2,46.8,10
2024-12-14 20:11:25,87.9,8.1,47.1,10
2024-12-14 20:11:27,87.7,7.8,46.8,10
2024-12-14 20:11:29,87.8,7.6,46.8,10
2024-12-14 20:11:31,87.7,8.1,46.8,10
2024-12-14 20:11:33,87.7,8.1,46.7,10
2024-12-14 20:11:35,87.7,6.4,46.8,10
2024-12-14 20:11:38,87.7,6.3,46.8,10
2024-12-14 20:11:40,87.7,8.1,46.9,10
2024-12-14 20:11:42,87.7,8.1,46.8,10
2024-12-14 20:11:44,87.7,6.3,46.8,10
2024-12-14 20:11:46,87.7,7.8,47.2,10
2024-12-14 20:11:48,87.7,7.7,46.8,10
2024-12-14 20:11:51,87.8,8.1,46.8,10
2024-12-14 20:11:53,87.8,6.1,46.8,10
2024-12-14 20:11:55,87.9,6.1,46.8,10
2024-12-14 20:11:57,87.9,6.4,46.7,10
2024-12-14 20:11:59,88,8.3,46.8,10
2024-12-14 20:12:01,88,6.3,46.8,10
2024-12-14 20:12:04,88.1,6.4,46.6,10
2024-12-14 20:12:06,88.2,6.3,46.6,10
2024-12-14 20:12:08,88.3,6.5,46.5,10
2024-12-14 20:12:10,88.3,6.6,46.5,10
2024-12-14 20:12:12,88.4,6.5,46.4,10
2024-12-14 20:12:14,88.4,6.6,46.4,10
2024-12-14 20:12:17,88.5,6.6,46.3,10
2024-12-14 20:12:19,88.5,6.7,46.3,10
2024-12-14 20:12:21,88.5,8.6,46.2,10
2024-12-14 20:12:23,88.5,6.6,46.2,10
2024-12-14 20:12:25,88.6,6.4,46.1,10
2024-12-14 20:12:27,88.6,6.5,46,10
2024-12-14 20:12:29,88.6,6.8,46.1,10
2024-12-14 20:12:32,88.6,6.8,46.1,10
2024-12-14 20:12:34,88.6,6.9,46.1,10
2024-12-14 20:12:36,88.7,6.6,46,10
2024-12-14 20:12:38,88.7,6.7,46,10
2024-12-14 20:12:40,88.7,6.6,46,10
2024-12-14 20:12:42,88.7,6.9,46.2,10
2024-12-14 20:12:45,88.7,6.9,46,10
2024-12-14 20:12:47,88.7,6.5,46,10
2024-12-14 20:12:49,88.7,6.8,46,10
2024-12-14 20:12:51,88.7,6.9,46,10
2024-12-14 20:12:53,88.7,6.7,46,10
2024-12-14 20:12:55,88.7,6.7,46,10
2024-12-14 20:12:58,88.7,6.8,46,10
2024-12-14 20:13:00,88.7,6.7,45.9,10
2024-12-14 20:13:02,88.7,6.8,46,10
2024-12-14 20:13:04,88.7,6.6,46.4,10
2024-12-14 20:13:06,88.6,6.8,46.1,10
2024-12-14 20:13:08,88.6,6.5,46.1,10
2024-12-14 20:13:11,88.6,6.3,46.1,10
2024-12-14 20:13:13,88.6,6.5,46.3,10
2024-12-14 20:13:15,88.6,8.3,46.1,10
2024-12-14 20:13:17,88.6,6.7,46.2,10
2024-12-14 20:13:19,88.6,6.7,46.3,10
2024-12-14 20:13:21,88.6,6.7,46.3,10
2024-12-14 20:13:23,88.6,6.6,46.6,10
2024-12-14 20:13:26,88.6,6.7,46.3,10
2024-12-14 20:13:28,88.6,6.6,46.4,10
2024-12-14 20:13:30,88.6,6.7,46.4,10
2024-12-14 20:13:32,88.6,6.6,46.4,10
2024-12-14 20:13:34,88.6,6.3,46.4,10
2024-12-14 20:13:36,88.6,6.7,46.5,10
2024-12-14 20:13:39,88.6,6.7,46.5,10
2024-12-14 20:13:41,88.6,6.6,46.4,10
2024-12-14 20:13:43,88.6,6.7,46.5,10
2024-12-14 20:13:45,88.5,6.6,46.6,10
2024-12-14 20:13:47,88.5,6.5,47,10
2024-12-14 20:13:49,88.5,6.7,46.6,10
2024-12-14 20:13:52,88.5,6.6,46.6,10
2024-12-14 20:13:54,88.5,8.1,46.6,10
2024-12-14 20:13:56,88.5,6.5,46.6,10
2024-12-14 20:13:58,88.5,6.5,46.7,10
2024-12-14 20:14:00,88.5,6.5,46.7,10
2024-12-14 20:14:02,88.5,6.5,46.8,10
2024-12-14 20:14:05,88.5,6.5,46.8,10
2024-12-14 20:14:07,88.4,6.5,47,10
2024-12-14 20:14:09,88.5,6.7,47.1,10
2024-12-14 20:14:11,88.4,6.6,46.8,10
2024-12-14 20:14:13,88.4,6.5,46.9,10
2024-12-14 20:14:15,88.4,6.8,46.9,10
2024-12-14 20:14:18,88.4,6.6,46.9,10
2024-12-14 20:14:20,88.5,6.3,46.9,10
2024-12-14 20:14:22,88.4,6.4,46.9,10
2024-12-14 20:14:24,88.4,6.2,46.9,10
2024-12-14 20:14:26,88.4,6.6,47,10
2024-12-14 20:14:28,88.4,6.5,47,10
2024-12-14 20:14:31,88.4,6.7,47,10
2024-12-14 20:14:33,88.3,6.8,47,10
2024-12-14 20:14:35,88.3,6.5,47,10
2024-12-14 20:14:37,88.4,6.6,47.1,10
2024-12-14 20:14:39,88.3,6.6,47.2,10
2024-12-14 20:14:41,88.3,6.5,47.1,10
2024-12-14 20:14:43,88.3,6.4,47.1,10
2024-12-14 20:14:46,88.4,7.9,47.1,10
2024-12-14 20:14:48,88.3,6.6,47.2,10
2024-12-14 20:14:50,88.3,6.5,47.3,10
2024-12-14 20:14:52,88.3,6.6,47.3,10
2024-12-14 20:14:54,88.3,6.6,47.3,10
2024-12-14 20:14:56,88.3,6.7,47.3,10
2024-12-14 20:14:59,88.3,6.4,47.6,10
2024-12-14 20:15:01,88.3,6.7,47.3,10
2024-12-14 20:15:03,88.3,6.5,47.3,10
2024-12-14 20:15:05,88.3,6.5,47.3,10
2024-12-14 20:15:07,88.3,6.6,47.4,10
2024-12-14 20:15:09,88.3,6.3,47.3,10
2024-12-14 20:15:12,88.3,6.5,47.4,10
2024-12-14 20:15:14,88.3,6.5,47.4,10
2024-12-14 20:15:16,88.3,6.6,47.4,10
2024-12-14 20:15:18,88.3,6.5,47.4,10
2024-12-14 20:15:20,88.3,6.2,47.4,10
2024-12-14 20:15:22,88.3,6.6,47.4,10
2024-12-14 20:15:25,88.3,6.4,47.4,10
2024-12-14 20:15:27,88.3,6.6,47.4,10
2024-12-14 20:15:29,88.2,6.5,47.4,10
2024-12-14 20:15:31,88.3,6.6,47.5,10
2024-12-14 20:15:33,88.2,8.1,47.4,10
2024-12-14 20:15:35,88.3,6.5,47.5,10
2024-12-14 20:15:38,88.2,6.3,47.4,10
2024-12-14 20:15:40,88.2,6.5,47.5,10
2024-12-14 20:15:42,88.2,6.5,47.5,10
2024-12-14 20:15:44,88.3,8.2,47.5,10
2024-12-14 20:15:46,88.2,6.6,47.5,10
2024-12-14 20:15:48,88.2,6.5,47.5,10
2024-12-14 20:15:50,88.2,6.6,47.5,10
2024-12-14 20:15:53,88.2,6.3,47.5,10
2024-12-14 20:15:55,88.3,6.4,47.6,10
2024-12-14 20:15:57,88.2,6.4,47.6,10
2024-12-14 20:15:59,88.2,6.2,47.5,10
2024-12-14 20:16:01,88.2,6.6,47.6,10
2024-12-14 20:16:03,88.2,6.3,47.6,10
2024-12-14 20:16:06,88.2,6.5,47.6,10
2024-12-14 20:16:08,88.3,6.1,47.6,10
2024-12-14 20:16:10,88.2,6.5,48,10
2024-12-14 20:16:12,88.3,6.7,47.6,10
2024-12-14 20:16:14,88.2,6.7,47.6,10
2024-12-14 20:16:16,88.2,6.3,47.6,10
2024-12-14 20:16:19,88.2,6.6,47.7,10
2024-12-14 20:16:21,88.2,6.3,47.8,10
2024-12-14 20:16:23,88.2,6.6,47.6,10
2024-12-14 20:16:25,88.2,6.5,47.7,10
2024-12-14 20:16:27,88.2,6.6,47.7,10
2024-12-14 20:16:29,88.2,6.4,47.7,10
2024-12-14 20:16:32,88.3,6.4,48,10
2024-12-14 20:16:34,88.2,6.5,47.8,10
2024-12-14 20:16:36,88.2,6.5,47.8,10
2024-12-14 20:16:38,88.2,6.6,47.7,10
2024-12-14 20:16:40,88.2,6.6,47.8,10
2024-12-14 20:16:42,88.2,7.9,47.8,10
2024-12-14 20:16:45,88.3,6.5,47.8,10
2024-12-14 20:16:47,88.2,6.5,47.8,10
2024-12-14 20:16:49,88.3,6.5,47.8,10
2024-12-14 20:16:51,88.3,6.5,47.8,10
2024-12-14 20:16:53,88.3,6.4,47.8,10
2024-12-14 20:16:55,88.2,6.3,48.1,10
2024-12-14 20:16:57,88.2,6.6,47.8,10
2024-12-14 20:17:00,88.2,6.5,47.8,10
2024-12-14 20:17:02,88.2,8,47.8,10
2024-12-14 20:17:04,88.2,6.6,47.8,10
2024-12-14 20:17:06,88.3,6.6,47.8,10
2024-12-14 20:17:08,88.3,6.5,47.8,10
2024-12-14 20:17:10,88.2,6.6,47.8,10
2024-12-14 20:17:13,88.2,6.4,47.9,10
2024-12-14 20:17:15,88.2,6.3,47.9,10
2024-12-14 20:17:17,88.2,6.4,48,10
2024-12-14 20:17:19,88.2,6.6,47.8,10
2024-12-14 20:17:21,88.2,6.5,47.8,10
2024-12-14 20:17:23,88.2,6.5,47.9,10
2024-12-14 20:17:26,88.2,6.1,47.8,10
2024-12-14 20:17:28,88.2,6.3,47.8,10
2024-12-14 20:17:30,88.2,8.1,47.9,10
2024-12-14 20:17:32,88.2,6.6,47.9,10
2024-12-14 20:17:34,88.2,6.4,47.9,10
2024-12-14 20:17:36,88.2,6.3,47.9,10
2024-12-14 20:17:39,88.2,6.4,47.9,10
2024-12-14 20:17:41,88.2,6.4,47.9,10
2024-12-14 20:17:43,88.2,6.5,47.9,10
2024-12-14 20:17:45,88.2,6.6,47.9,10
2024-12-14 20:17:47,88.2,6.3,48,10
2024-12-14 20:17:49,88.2,6.6,47.9,10
2024-12-14 20:17:52,88.2,6.7,47.9,10
2024-12-14 20:17:54,88.2,8.2,47.9,10
2024-12-14 20:17:56,88.2,6.6,47.9,10
2024-12-14 20:17:58,88.2,6.5,47.9,10
2024-12-14 20:18:00,88.3,6.4,47.9,10
2024-12-14 20:18:02,88.2,6.4,48,10
2024-12-14 20:18:05,88.3,8,48.2,10
2024-12-14 20:18:07,88.3,6.5,47.9,10
2024-12-14 20:18:09,88.2,6.6,47.9,10
2024-12-14 20:18:11,88.3,6.2,47.9,10
2024-12-14 20:18:13,88.3,8.3,47.9,10
2024-12-14 20:18:15,88.2,6.6,48,10
2024-12-14 20:18:18,88.3,6.2,47.8,10
2024-12-14 20:18:20,88.3,6.3,47.9,10
2024-12-14 20:18:22,88.3,6.6,47.9,10
2024-12-14 20:18:24,88.3,6.5,48,10
2024-12-14 20:18:26,88.3,6.5,47.9,10
2024-12-14 20:18:28,88.3,6.1,48.2,10
2024-12-14 20:18:31,88.3,6.4,48,10
2024-12-14 20:18:33,88.3,6.3,48,10
2024-12-14 20:18:35,88.3,6.4,48,10
2024-12-14 20:18:37,88.3,6.6,48,10
2024-12-14 20:18:39,88.2,6.5,47.9,10
2024-12-14 20:18:41,88.3,6.5,48,10
2024-12-14 20:18:43,88.3,6.7,47.9,10
2024-12-14 20:18:46,88.3,6.4,48,10
2024-12-14 20:18:48,88.3,6.5,48,10
2024-12-14 20:18:50,88.3,6.5,48.4,10
2024-12-14 20:18:52,88.3,8.400001,48,10
2024-12-14 20:18:54,88.3,6.4,48,10
2024-12-14 20:18:56,88.3,6.4,48.1,10
2024-12-14 20:18:59,88.3,6.3,48,10
2024-12-14 20:19:01,88.3,6.4,48,10
2024-12-14 20:19:03,88.4,6.4,47.9,10
2024-12-14 20:19:05,88.3,7.9,48,10
2024-12-14 20:19:07,88.3,6.5,48.1,10
2024-12-14 20:19:09,88.3,6.2,48,10
2024-12-14 20:19:12,88.3,6.6,48.1,10
2024-12-14 20:19:13,88.3,6.6,48.1,10
2024-12-14 20:19:15,88.3,6.7,48.1,10
