Timestamp,Sensor1_Temperature,Sensor1_Humidity
2024-12-13 17:17:22,19.2,29.4
2024-12-13 17:17:23,19.2,30.2
2024-12-13 17:17:24,19.1,30.7
2024-12-13 17:17:25,19.1,31.3
2024-12-13 17:17:26,19.2,31.9
2024-12-13 17:17:27,19.1,32.3
2024-12-13 17:17:28,19.1,32.3
2024-12-13 17:17:29,19.1,32.7
2024-12-13 17:17:30,19.1,32.7
2024-12-13 17:17:32,19.1,33.1
2024-12-13 17:17:33,19.1,33.1
2024-12-13 17:17:35,19.1,33.5
2024-12-13 17:17:37,19.1,34.1
2024-12-13 17:17:39,19.1,34.5
2024-12-13 17:17:41,19.1,35
2024-12-13 17:17:43,19.1,35.5
2024-12-13 17:17:46,19.1,35.7
2024-12-13 17:17:47,19.1,35.7
2024-12-13 17:17:49,19.1,36.6
2024-12-13 17:17:51,19.1,37.2
2024-12-13 17:17:53,19.1,37.6
2024-12-13 17:17:55,19.1,37.9
2024-12-13 17:17:57,19.1,38.1
2024-12-13 17:17:59,19.1,38.5
2024-12-13 17:18:01,19.1,38.9
2024-12-13 17:18:03,19.1,39.4
2024-12-13 17:18:06,19.1,40
2024-12-13 17:18:08,19.1,40.4
2024-12-13 17:18:10,19.1,41
2024-12-13 17:18:12,19.1,41.4
2024-12-13 17:18:14,19.1,42
2024-12-13 17:18:16,19.2,42.5
2024-12-13 17:18:18,19.2,43
2024-12-13 17:18:20,19.2,43.6
2024-12-13 17:18:22,19.2,44.1
2024-12-13 17:18:24,19.2,44.8
2024-12-13 17:18:26,19.3,45.2
2024-12-13 17:18:28,19.3,45.7
2024-12-13 17:18:31,19.3,46.1
2024-12-13 17:18:33,19.4,46.6
2024-12-13 17:18:35,19.4,47
2024-12-13 17:18:37,19.4,47.4
2024-12-13 17:18:39,19.5,47.6
2024-12-13 17:18:41,19.5,48.1
2024-12-13 17:18:43,19.6,48.3
2024-12-13 17:18:45,19.6,48.6
2024-12-13 17:18:48,19.6,49
2024-12-13 17:18:50,19.7,49.4
2024-12-13 17:18:52,19.7,49.7
2024-12-13 17:18:54,19.8,50.1
2024-12-13 17:18:56,19.8,50.2
2024-12-13 17:18:58,19.9,50.5
2024-12-13 17:19:00,20,50.8
2024-12-13 17:19:02,20,51.1
2024-12-13 17:19:04,20.1,51.2
2024-12-13 17:19:07,20.1,51.4
2024-12-13 17:19:09,20.2,51.5
2024-12-13 17:19:11,20.2,51.5
2024-12-13 17:19:13,20.3,51.7
2024-12-13 17:19:15,20.4,51.7
2024-12-13 17:19:17,20.4,51.9
2024-12-13 17:19:19,20.5,52
2024-12-13 17:19:21,20.5,52
2024-12-13 17:19:23,20.6,52.1
2024-12-13 17:19:25,20.7,52.3
2024-12-13 17:19:28,20.7,52.3
2024-12-13 17:19:30,20.8,52.3
2024-12-13 17:19:32,20.8,52.3
2024-12-13 17:19:34,20.9,52.4
2024-12-13 17:19:36,21,52.5
2024-12-13 17:19:38,21,52.6
2024-12-13 17:19:40,21.1,52.7
2024-12-13 17:19:42,21.2,52.7
2024-12-13 17:19:44,21.2,52.7
2024-12-13 17:19:46,21.3,52.7
2024-12-13 17:19:49,21.4,52.6
2024-12-13 17:19:51,21.4,52.6
2024-12-13 17:19:53,21.5,52.5
2024-12-13 17:19:55,21.5,52.4
2024-12-13 17:19:57,21.6,52.3
2024-12-13 17:19:59,21.7,52.3
2024-12-13 17:20:01,21.7,52.2
2024-12-13 17:20:03,21.8,52
2024-12-13 17:20:05,21.8,52
2024-12-13 17:20:08,21.9,51.8
2024-12-13 17:20:10,22,51.7
2024-12-13 17:20:12,22,51.5
2024-12-13 17:20:14,22.1,51.4
2024-12-13 17:20:16,22.2,51.3
2024-12-13 17:20:18,22.2,51.2
2024-12-13 17:20:20,22.3,51
2024-12-13 17:20:22,22.4,51
2024-12-13 17:20:24,22.4,50.7
2024-12-13 17:20:27,22.5,50.5
2024-12-13 17:20:29,22.5,50.4
2024-12-13 17:20:31,22.6,50.2
2024-12-13 17:20:33,22.7,50.2
2024-12-13 17:20:35,22.7,49.9
2024-12-13 17:20:37,22.8,49.9
2024-12-13 17:20:39,22.9,49.8
2024-12-13 17:20:41,22.9,49.7
2024-12-13 17:20:43,23,49.5
2024-12-13 17:20:46,23,49.5
2024-12-13 17:20:48,23.1,49.3
2024-12-13 17:20:50,23.1,49.1
2024-12-13 17:20:52,23.2,49
2024-12-13 17:20:54,23.3,48.8
2024-12-13 17:20:56,23.3,48.5
2024-12-13 17:20:58,23.4,48.4
2024-12-13 17:21:00,23.5,48.3
2024-12-13 17:21:02,23.5,48.3
2024-12-13 17:21:04,23.5,48.2
2024-12-13 17:21:07,23.6,48.2
2024-12-13 17:21:09,23.7,48
2024-12-13 17:21:11,23.7,48
2024-12-13 17:21:13,23.8,47.9
2024-12-13 17:21:15,23.8,47.8
2024-12-13 17:21:17,23.9,47.6
2024-12-13 17:21:19,23.9,47.4
2024-12-13 17:21:21,24,47.3
2024-12-13 17:21:23,24.1,47.3
2024-12-13 17:21:26,24.1,47.2
2024-12-13 17:21:28,24.2,46.9
2024-12-13 17:21:30,24.2,46.6
2024-12-13 17:21:32,24.3,46.5
2024-12-13 17:21:34,24.3,46.4
2024-12-13 17:21:36,24.4,46.2
2024-12-13 17:21:38,24.4,46
2024-12-13 17:21:40,24.5,46
2024-12-13 17:21:42,24.5,45.9
2024-12-13 17:21:45,24.6,45.8
2024-12-13 17:21:47,24.6,45.7
2024-12-13 17:21:49,24.7,45.5
2024-12-13 17:21:51,24.8,45.4
2024-12-13 17:21:53,24.8,45.3
2024-12-13 17:21:55,24.9,45.2
2024-12-13 17:21:57,24.9,45
2024-12-13 17:21:59,24.9,44.8
2024-12-13 17:22:01,25,44.6
2024-12-13 17:22:03,25.1,44.4
2024-12-13 17:22:06,25.1,44.3
2024-12-13 17:22:08,25.1,44.2
2024-12-13 17:22:10,25.2,44
2024-12-13 17:22:12,25.2,43.8
2024-12-13 17:22:14,25.3,43.7
2024-12-13 17:22:16,25.4,43.6
2024-12-13 17:22:18,25.4,43.4
2024-12-13 17:22:20,25.4,43.2
2024-12-13 17:22:22,25.5,43
2024-12-13 17:22:25,25.5,42.8
2024-12-13 17:22:27,25.6,42.7
2024-12-13 17:22:29,25.6,42.6
2024-12-13 17:22:31,25.7,42.4
2024-12-13 17:22:33,25.7,42.3
2024-12-13 17:22:35,25.8,42.2
2024-12-13 17:22:37,25.8,42.2
2024-12-13 17:22:39,25.9,41.9
2024-12-13 17:22:41,25.9,41.8
2024-12-13 17:22:44,26,41.7
2024-12-13 17:22:46,26,41.6
2024-12-13 17:22:48,26.1,41.4
2024-12-13 17:22:50,26.1,41.2
2024-12-13 17:22:52,26.1,41
2024-12-13 17:22:54,26.2,40.9
2024-12-13 17:22:56,26.3,40.8
2024-12-13 17:22:58,26.3,40.7
2024-12-13 17:23:00,26.3,40.6
2024-12-13 17:23:02,26.4,40.4
2024-12-13 17:23:05,26.4,40.1
2024-12-13 17:23:07,26.5,40
2024-12-13 17:23:09,26.5,39.9
2024-12-13 17:23:11,26.6,39.7
2024-12-13 17:23:13,26.6,39.6
2024-12-13 17:23:15,26.7,39.4
2024-12-13 17:23:17,26.7,39.3
2024-12-13 17:23:19,26.8,39.2
2024-12-13 17:23:21,26.8,39.1
2024-12-13 17:23:24,26.8,39
2024-12-13 17:23:26,26.8,38.9
2024-12-13 17:23:28,26.9,38.8
2024-12-13 17:23:30,26.9,38.7
2024-12-13 17:23:32,27,38.5
2024-12-13 17:23:34,27,38.4
2024-12-13 17:23:36,27,38.2
2024-12-13 17:23:38,27,38
2024-12-13 17:23:40,27.1,38
2024-12-13 17:23:43,27.2,37.8
2024-12-13 17:23:45,27.1,37.5
2024-12-13 17:23:47,27.2,37.4
2024-12-13 17:23:49,27.2,37.3
2024-12-13 17:23:51,27.3,37.2
2024-12-13 17:23:53,27.4,37.2
2024-12-13 17:23:55,27.3,37.1
2024-12-13 17:23:57,27.4,37.1
2024-12-13 17:23:59,27.4,37
2024-12-13 17:24:01,27.5,36.9
2024-12-13 17:24:04,27.5,36.6
2024-12-13 17:24:06,27.5,36.5
2024-12-13 17:24:08,27.6,36.5
2024-12-13 17:24:10,27.6,36.4
2024-12-13 17:24:12,27.6,36.3
2024-12-13 17:24:14,27.7,36.1
2024-12-13 17:24:16,27.6,36
2024-12-13 17:24:18,27.7,35.8
2024-12-13 17:24:20,27.8,35.7
2024-12-13 17:24:23,27.8,35.5
2024-12-13 17:24:25,27.8,35.4
2024-12-13 17:24:27,27.8,35.2
2024-12-13 17:24:29,27.9,35
2024-12-13 17:24:31,28,34.9
2024-12-13 17:24:33,28,34.8
2024-12-13 17:24:35,28,34.7
2024-12-13 17:24:37,28,34.6
2024-12-13 17:24:39,28.1,34.6
2024-12-13 17:24:42,28.2,34.5
2024-12-13 17:24:44,28.2,34.5
2024-12-13 17:24:46,28.2,34.3
2024-12-13 17:24:48,28.2,34.2
2024-12-13 17:24:50,28.2,34.2
2024-12-13 17:24:52,28.3,34
2024-12-13 17:24:54,28.3,33.9
2024-12-13 17:24:56,28.3,33.9
2024-12-13 17:24:58,28.4,33.8
2024-12-13 17:25:01,28.5,33.5
2024-12-13 17:25:03,28.4,33.4
2024-12-13 17:25:05,28.5,33.4
2024-12-13 17:25:07,28.5,33.2
2024-12-13 17:25:09,28.6,33.1
2024-12-13 17:25:11,28.6,33
2024-12-13 17:25:13,28.6,32.9
2024-12-13 17:25:15,28.6,32.8
2024-12-13 17:25:17,28.7,32.7
2024-12-13 17:25:19,28.7,32.7
2024-12-13 17:25:22,28.8,32.5
2024-12-13 17:25:24,28.8,32.4
2024-12-13 17:25:26,28.8,32.3
2024-12-13 17:25:28,28.8,32.2
2024-12-13 17:25:30,28.9,32.2
2024-12-13 17:25:32,28.9,32.1
2024-12-13 17:25:34,29,32.1
2024-12-13 17:25:36,29,32
2024-12-13 17:25:38,29,31.9
2024-12-13 17:25:41,29,31.8
2024-12-13 17:25:43,29.1,31.6
2024-12-13 17:25:45,29.1,31.6
2024-12-13 17:25:47,29.1,31.5
2024-12-13 17:25:49,29.2,31.5
2024-12-13 17:25:51,29.2,31.3
2024-12-13 17:25:53,29.3,31.3
2024-12-13 17:25:55,29.2,31.1
2024-12-13 17:25:57,29.3,31.1
2024-12-13 17:25:59,29.3,31
2024-12-13 17:26:02,29.3,30.9
2024-12-13 17:26:04,29.4,30.8
2024-12-13 17:26:06,29.4,30.7
2024-12-13 17:26:08,29.4,30.7
2024-12-13 17:26:10,29.5,30.6
2024-12-13 17:26:12,29.5,30.5
2024-12-13 17:26:14,29.5,30.4
2024-12-13 17:26:16,29.6,30.3
2024-12-13 17:26:18,29.6,30.2
2024-12-13 17:26:21,29.6,30.1
2024-12-13 17:26:23,29.7,30
2024-12-13 17:26:25,29.7,30
2024-12-13 17:26:27,29.7,29.9
2024-12-13 17:26:29,29.7,29.8
2024-12-13 17:26:31,29.8,29.7
2024-12-13 17:26:33,29.8,29.6
2024-12-13 17:26:35,29.9,29.6
2024-12-13 17:26:37,29.9,29.4
2024-12-13 17:26:40,29.9,29.3
2024-12-13 17:26:42,29.9,29.2
2024-12-13 17:26:44,30,29.1
2024-12-13 17:26:46,30,29
2024-12-13 17:26:48,30,28.9
2024-12-13 17:26:50,30.1,28.8
2024-12-13 17:26:52,30.1,28.8
2024-12-13 17:26:54,30.1,28.7
2024-12-13 17:26:56,30.2,28.7
2024-12-13 17:26:58,30.2,28.6
2024-12-13 17:27:01,30.2,28.5
2024-12-13 17:27:03,30.2,28.4
2024-12-13 17:27:05,30.3,28.3
2024-12-13 17:27:07,30.3,28.3
2024-12-13 17:27:09,30.3,28.2
2024-12-13 17:27:11,30.4,28.1
2024-12-13 17:27:13,30.4,28
2024-12-13 17:27:15,30.4,27.9
2024-12-13 17:27:17,30.5,27.7
2024-12-13 17:27:20,30.5,27.7
2024-12-13 17:27:22,30.5,27.6
2024-12-13 17:27:24,30.5,27.6
2024-12-13 17:27:26,30.6,27.5
2024-12-13 17:27:28,30.6,27.4
2024-12-13 17:27:30,30.6,27.4
2024-12-13 17:27:32,30.7,27.3
2024-12-13 17:27:34,30.7,27.3
2024-12-13 17:27:36,30.7,27.2
2024-12-13 17:27:39,30.7,27.1
2024-12-13 17:27:41,30.8,27
2024-12-13 17:27:43,30.8,26.9
2024-12-13 17:27:45,30.8,26.9
2024-12-13 17:27:47,30.8,26.8
2024-12-13 17:27:49,30.9,26.8
2024-12-13 17:27:51,30.9,26.7
2024-12-13 17:27:53,30.9,26.7
2024-12-13 17:27:55,31,26.6
2024-12-13 17:27:57,31,26.6
2024-12-13 17:28:00,31,26.5
2024-12-13 17:28:02,31,26.5
2024-12-13 17:28:04,31.1,26.4
2024-12-13 17:28:06,31.1,26.3
2024-12-13 17:28:08,31.1,26.3
2024-12-13 17:28:10,31.1,26.2
2024-12-13 17:28:12,31.2,26.2
2024-12-13 17:28:14,31.2,26.1
2024-12-13 17:28:16,31.2,26
2024-12-13 17:28:19,31.3,26
2024-12-13 17:28:21,31.3,25.9
2024-12-13 17:28:23,31.3,25.9
2024-12-13 17:28:25,31.4,25.8
2024-12-13 17:28:27,31.4,25.9
2024-12-13 17:28:29,31.4,25.7
2024-12-13 17:28:31,31.4,25.7
2024-12-13 17:28:33,31.5,25.6
2024-12-13 17:28:35,31.5,25.6
2024-12-13 17:28:38,31.5,25.5
2024-12-13 17:28:40,31.5,25.4
2024-12-13 17:28:42,31.6,25.4
2024-12-13 17:28:44,31.6,25.4
2024-12-13 17:28:46,31.6,25.3
2024-12-13 17:28:48,31.7,25.2
2024-12-13 17:28:50,31.7,25.2
2024-12-13 17:28:52,31.7,25.1
2024-12-13 17:28:54,31.7,25.1
2024-12-13 17:28:57,31.8,24.9
2024-12-13 17:28:59,31.8,24.9
2024-12-13 17:29:01,31.8,24.8
2024-12-13 17:29:03,31.8,24.7
2024-12-13 17:29:05,31.9,24.7
2024-12-13 17:29:07,31.9,24.5
2024-12-13 17:29:09,31.9,24.5
2024-12-13 17:29:11,32,24.4
2024-12-13 17:29:13,32,24.3
2024-12-13 17:29:15,32,24.2
2024-12-13 17:29:18,32,24.3
2024-12-13 17:29:20,32.1,24.2
2024-12-13 17:29:22,32.1,24.2
2024-12-13 17:29:24,32.1,24.1
2024-12-13 17:29:26,32.1,24.1
2024-12-13 17:29:28,32.2,24
2024-12-13 17:29:30,32.2,23.9
2024-12-13 17:29:32,32.2,23.8
2024-12-13 17:29:34,32.2,23.8
2024-12-13 17:29:37,32.3,23.8
2024-12-13 17:29:39,32.3,23.6
2024-12-13 17:29:41,32.3,23.6
2024-12-13 17:29:43,32.3,23.5
2024-12-13 17:29:45,32.4,23.4
2024-12-13 17:29:47,32.4,23.5
2024-12-13 17:29:49,32.4,23.4
2024-12-13 17:29:51,32.5,23.3
2024-12-13 17:29:53,32.5,23.3
2024-12-13 17:29:56,32.5,23.2
2024-12-13 17:29:58,32.5,23.2
2024-12-13 17:30:00,32.6,23.2
2024-12-13 17:30:02,32.6,23.2
2024-12-13 17:30:04,32.6,23.2
2024-12-13 17:30:06,32.6,23
2024-12-13 17:30:08,32.7,23
2024-12-13 17:30:10,32.7,22.9
2024-12-13 17:30:12,32.7,22.9
2024-12-13 17:30:14,32.7,22.8
2024-12-13 17:30:17,32.8,22.8
2024-12-13 17:30:19,32.8,22.7
2024-12-13 17:30:21,32.8,22.6
2024-12-13 17:30:23,32.8,22.7
2024-12-13 17:30:25,32.9,22.6
2024-12-13 17:30:27,32.9,22.5
2024-12-13 17:30:29,32.9,22.5
2024-12-13 17:30:31,32.9,22.4
2024-12-13 17:30:33,32.9,22.4
2024-12-13 17:30:36,33,22.4
2024-12-13 17:30:38,33,22.3
2024-12-13 17:30:40,33,22.3
2024-12-13 17:30:42,33.1,22.2
2024-12-13 17:30:44,33.1,22.2
2024-12-13 17:30:46,33.1,22.2
2024-12-13 17:30:48,33.1,22.2
2024-12-13 17:30:50,33.1,22.2
2024-12-13 17:30:52,33.2,22.1
2024-12-13 17:30:55,33.2,22.1
2024-12-13 17:30:57,33.2,22
2024-12-13 17:30:59,33.2,22
2024-12-13 17:31:01,33.2,21.9
2024-12-13 17:31:03,33.3,21.8
2024-12-13 17:31:05,33.3,21.8
2024-12-13 17:31:07,33.3,21.8
2024-12-13 17:31:09,33.4,21.6
2024-12-13 17:31:11,33.4,21.7
2024-12-13 17:31:13,33.4,21.5
2024-12-13 17:31:16,33.4,21.4
2024-12-13 17:31:18,33.5,21.5
2024-12-13 17:31:20,33.5,21.4
2024-12-13 17:31:22,33.5,21.4
2024-12-13 17:31:24,33.5,21.4
2024-12-13 17:31:26,33.5,21.3
2024-12-13 17:31:28,33.6,21.2
2024-12-13 17:31:30,33.6,21.1
2024-12-13 17:31:32,33.6,21
2024-12-13 17:31:35,33.6,21
2024-12-13 17:31:37,33.7,20.9
2024-12-13 17:31:39,33.7,20.8
2024-12-13 17:31:41,33.7,20.8
2024-12-13 17:31:43,33.7,20.8
2024-12-13 17:31:45,33.7,20.7
2024-12-13 17:31:47,33.8,20.7
2024-12-13 17:31:49,33.8,20.6
2024-12-13 17:31:51,33.8,20.7
2024-12-13 17:31:54,33.8,20.7
2024-12-13 17:31:56,33.9,20.6
2024-12-13 17:31:58,33.9,20.6
2024-12-13 17:32:00,33.9,20.5
2024-12-13 17:32:02,33.9,20.6
2024-12-13 17:32:04,34,20.5
2024-12-13 17:32:06,34,20.4
2024-12-13 17:32:08,34,20.4
2024-12-13 17:32:10,34.1,20.3
2024-12-13 17:32:12,34.1,20.3
2024-12-13 17:32:15,34.1,20.2
2024-12-13 17:32:17,34.1,20.1
2024-12-13 17:32:19,34.1,20.2
2024-12-13 17:32:21,34.1,20
2024-12-13 17:32:23,34.2,19.9
2024-12-13 17:32:25,34.2,19.9
2024-12-13 17:32:27,34.2,19.8
2024-12-13 17:32:29,34.2,19.9
2024-12-13 17:32:31,34.3,19.8
2024-12-13 17:32:34,34.3,19.8
2024-12-13 17:32:36,34.3,19.7
2024-12-13 17:32:38,34.4,19.6
2024-12-13 17:32:40,34.3,19.6
2024-12-13 17:32:42,34.4,19.6
2024-12-13 17:32:44,34.4,19.6
2024-12-13 17:32:46,34.4,19.6
2024-12-13 17:32:48,34.4,19.6
2024-12-13 17:32:50,34.5,19.5
2024-12-13 17:32:53,34.5,19.5
2024-12-13 17:32:55,34.5,19.4
2024-12-13 17:32:57,34.5,19.4
2024-12-13 17:32:59,34.5,19.4
2024-12-13 17:33:01,34.5,19.4
2024-12-13 17:33:03,34.6,19.3
2024-12-13 17:33:05,34.6,19.2
2024-12-13 17:33:07,34.6,19.3
2024-12-13 17:33:09,34.6,19.2
2024-12-13 17:33:12,34.7,19.2
2024-12-13 17:33:14,34.7,19.2
2024-12-13 17:33:16,34.7,19.1
2024-12-13 17:33:18,34.7,19
2024-12-13 17:33:20,34.7,19.1
2024-12-13 17:33:22,34.7,19
2024-12-13 17:33:24,34.8,19
2024-12-13 17:33:26,34.8,18.9
2024-12-13 17:33:28,34.8,18.8
2024-12-13 17:33:30,34.8,18.8
2024-12-13 17:33:33,34.9,18.8
2024-12-13 17:33:35,34.9,18.8
2024-12-13 17:33:37,34.9,18.8
2024-12-13 17:33:39,34.9,18.8
2024-12-13 17:33:41,34.9,18.8
2024-12-13 17:33:43,35,18.7
2024-12-13 17:33:45,35,18.7
2024-12-13 17:33:47,35,18.7
2024-12-13 17:33:49,35,18.7
2024-12-13 17:33:52,35,18.7
2024-12-13 17:33:54,35.1,18.6
2024-12-13 17:33:56,35.1,18.6
2024-12-13 17:33:58,35.1,18.5
2024-12-13 17:34:00,35.1,18.4
2024-12-13 17:34:02,35.1,18.4
2024-12-13 17:34:04,35.2,18.4
2024-12-13 17:34:06,35.2,18.3
2024-12-13 17:34:08,35.2,18.3
2024-12-13 17:34:10,35.2,18.2
2024-12-13 17:34:13,35.3,18.1
2024-12-13 17:34:15,35.2,18.1
2024-12-13 17:34:17,35.3,18.1
2024-12-13 17:34:19,35.3,18
2024-12-13 17:34:21,35.4,18
2024-12-13 17:34:23,35.4,18
2024-12-13 17:34:25,35.4,17.9
2024-12-13 17:34:27,35.4,17.9
2024-12-13 17:34:29,35.4,17.8
2024-12-13 17:34:32,35.4,17.9
2024-12-13 17:34:34,35.5,17.7
2024-12-13 17:34:36,35.5,17.8
2024-12-13 17:34:38,35.5,17.7
2024-12-13 17:34:40,35.5,17.8
2024-12-13 17:34:42,35.6,17.7
2024-12-13 17:34:44,35.6,17.7
2024-12-13 17:34:46,35.6,17.6
2024-12-13 17:34:48,35.6,17.6
2024-12-13 17:34:51,35.6,17.6
2024-12-13 17:34:53,35.6,17.5
2024-12-13 17:34:55,35.7,17.5
2024-12-13 17:34:57,35.7,17.5
2024-12-13 17:34:59,35.7,17.5
2024-12-13 17:35:01,35.8,17.5
2024-12-13 17:35:03,35.8,17.4
2024-12-13 17:35:05,35.8,17.5
2024-12-13 17:35:07,35.8,17.4
2024-12-13 17:35:10,35.8,17.4
2024-12-13 17:35:12,35.8,17.3
2024-12-13 17:35:14,35.9,17.3
2024-12-13 17:35:16,35.9,17.3
2024-12-13 17:35:18,35.9,17.3
2024-12-13 17:35:20,35.9,17.2
2024-12-13 17:35:22,36,17.1
2024-12-13 17:35:24,36,17.1
2024-12-13 17:35:26,36,17.1
2024-12-13 17:35:28,36,17.1
2024-12-13 17:35:31,36,17.1
2024-12-13 17:35:33,36.1,17.1
2024-12-13 17:35:35,36.1,17
2024-12-13 17:35:37,36.1,17
2024-12-13 17:35:39,36.1,16.9
2024-12-13 17:35:41,36.1,16.9
2024-12-13 17:35:43,36.2,16.8
2024-12-13 17:35:45,36.2,16.9
2024-12-13 17:35:47,36.2,16.8
2024-12-13 17:35:50,36.2,16.8
2024-12-13 17:35:52,36.2,16.8
2024-12-13 17:35:54,36.3,16.8
2024-12-13 17:35:56,36.3,16.7
2024-12-13 17:35:58,36.3,16.8
2024-12-13 17:36:00,36.3,16.7
2024-12-13 17:36:02,36.3,16.6
2024-12-13 17:36:04,36.4,16.7
2024-12-13 17:36:06,36.4,16.6
2024-12-13 17:36:09,36.4,16.4
2024-12-13 17:36:11,36.4,16.5
2024-12-13 17:36:13,36.5,16.5
2024-12-13 17:36:15,36.5,16.4
2024-12-13 17:36:17,36.5,16.4
2024-12-13 17:36:19,36.5,16.4
2024-12-13 17:36:21,36.5,16.4
2024-12-13 17:36:23,36.5,16.4
2024-12-13 17:36:25,36.6,16.3
2024-12-13 17:36:27,36.6,16.3
2024-12-13 17:36:30,36.6,16.3
2024-12-13 17:36:32,36.6,16.3
2024-12-13 17:36:34,36.6,16.3
2024-12-13 17:36:36,36.7,16.4
2024-12-13 17:36:38,36.7,16.4
2024-12-13 17:36:40,36.7,16.3
2024-12-13 17:36:42,36.7,16.3
2024-12-13 17:36:44,36.8,16.2
2024-12-13 17:36:46,36.7,16.1
2024-12-13 17:36:49,36.8,16.1
2024-12-13 17:36:51,36.8,16
2024-12-13 17:36:53,36.8,16
2024-12-13 17:36:55,36.8,15.9
2024-12-13 17:36:57,36.8,15.9
2024-12-13 17:36:59,36.9,16
2024-12-13 17:37:01,36.9,15.9
2024-12-13 17:37:03,36.9,15.8
2024-12-13 17:37:05,36.9,15.8
2024-12-13 17:37:08,36.9,15.8
2024-12-13 17:37:10,36.9,15.8
2024-12-13 17:37:12,37,15.7
2024-12-13 17:37:14,37,15.6
2024-12-13 17:37:16,37,15.7
2024-12-13 17:37:18,37,15.6
2024-12-13 17:37:20,37,15.6
2024-12-13 17:37:22,37.1,15.4
2024-12-13 17:37:24,37.1,15.4
2024-12-13 17:37:26,37.1,15.3
2024-12-13 17:37:29,37.1,15.4
2024-12-13 17:37:31,37.1,15.4
2024-12-13 17:37:33,37.2,15.4
2024-12-13 17:37:35,37.1,15.4
2024-12-13 17:37:37,37.2,15.6
2024-12-13 17:37:39,37.2,15.3
2024-12-13 17:37:41,37.2,15.2
2024-12-13 17:37:43,37.2,15.2
2024-12-13 17:37:45,37.2,15.4
2024-12-13 17:37:48,37.2,15.1
2024-12-13 17:37:50,37.3,15.2
2024-12-13 17:37:52,37.3,15.2
2024-12-13 17:37:54,37.3,15.1
2024-12-13 17:37:56,37.3,15.1
2024-12-13 17:37:58,37.4,15
2024-12-13 17:38:00,37.3,14.9
2024-12-13 17:38:02,37.4,14.9
2024-12-13 17:38:04,37.4,15
2024-12-13 17:38:07,37.4,15
2024-12-13 17:38:09,37.4,15.1
2024-12-13 17:38:11,37.4,15.1
2024-12-13 17:38:13,37.5,15
2024-12-13 17:38:15,37.4,15
2024-12-13 17:38:17,37.5,14.9
2024-12-13 17:38:19,37.5,14.9
2024-12-13 17:38:21,37.5,14.9
2024-12-13 17:38:23,37.5,14.8
2024-12-13 17:38:25,37.5,14.9
2024-12-13 17:38:28,37.6,14.7
2024-12-13 17:38:30,37.6,14.8
2024-12-13 17:38:32,37.6,14.7
2024-12-13 17:38:34,37.6,14.6
2024-12-13 17:38:36,37.6,14.4
2024-12-13 17:38:38,37.6,14.6
2024-12-13 17:38:40,37.7,14.5
2024-12-13 17:38:42,37.7,14.5
2024-12-13 17:38:44,37.7,14.4
2024-12-13 17:38:47,37.7,14.5
2024-12-13 17:38:49,37.7,14.5
2024-12-13 17:38:51,37.7,14.8
2024-12-13 17:38:53,37.7,14.3
2024-12-13 17:38:55,37.8,14.3
2024-12-13 17:38:57,37.8,14.8
2024-12-13 17:38:59,37.8,14.3
2024-12-13 17:39:01,37.8,14.3
2024-12-13 17:39:03,37.8,14.3
2024-12-13 17:39:06,37.8,14.4
2024-12-13 17:39:08,37.9,14.4
2024-12-13 17:39:10,37.9,14.4
2024-12-13 17:39:12,37.9,14.3
2024-12-13 17:39:14,37.9,14.2
2024-12-13 17:39:16,37.9,14.3
2024-12-13 17:39:18,37.9,14.6
2024-12-13 17:39:20,38,14.2
2024-12-13 17:39:22,37.9,14.1
2024-12-13 17:39:24,38,14.2
2024-12-13 17:39:27,38,14.1
2024-12-13 17:39:29,38,14.6
2024-12-13 17:39:31,38,14.5
2024-12-13 17:39:33,38.1,14.5
2024-12-13 17:39:35,38.1,14.1
2024-12-13 17:39:37,38.1,14.4
2024-12-13 17:39:39,38.1,14.4
2024-12-13 17:39:41,38.1,13.9
2024-12-13 17:39:43,38.1,13.9
2024-12-13 17:39:46,38.2,14.1
2024-12-13 17:39:48,38.2,14.3
2024-12-13 17:39:50,38.2,13.8
2024-12-13 17:39:52,38.2,13.8
2024-12-13 17:39:54,38.2,13.7
2024-12-13 17:39:56,38.2,13.6
2024-12-13 17:39:58,38.3,13.7
2024-12-13 17:40:00,38.3,13.8
2024-12-13 17:40:02,38.3,13.6
2024-12-13 17:40:05,38.3,13.7
2024-12-13 17:40:07,38.3,13.7
2024-12-13 17:40:09,38.3,13.6
2024-12-13 17:40:11,38.3,13.7
2024-12-13 17:40:13,38.4,13.7
2024-12-13 17:40:15,38.4,14.1
2024-12-13 17:40:17,38.4,13.5
2024-12-13 17:40:19,38.4,13.5
2024-12-13 17:40:21,38.4,13.4
2024-12-13 17:40:24,38.4,13.5
2024-12-13 17:40:26,38.5,13.6
2024-12-13 17:40:28,38.5,14
2024-12-13 17:40:30,38.5,13.8
2024-12-13 17:40:32,38.5,13.4
2024-12-13 17:40:34,38.5,13.3
2024-12-13 17:40:36,38.5,13.3
2024-12-13 17:40:38,38.5,13.3
2024-12-13 17:40:40,38.6,13.8
2024-12-13 17:40:42,38.6,13.5
2024-12-13 17:40:45,38.6,13.2
2024-12-13 17:40:47,38.6,13.2
2024-12-13 17:40:49,38.6,13
2024-12-13 17:40:51,38.6,13.1
2024-12-13 17:40:53,38.6,13.1
2024-12-13 17:40:55,38.7,13.1
2024-12-13 17:40:57,38.7,13.2
2024-12-13 17:40:59,38.7,13.6
2024-12-13 17:41:01,38.7,13.5
2024-12-13 17:41:04,38.7,12.9
2024-12-13 17:41:06,38.7,13
2024-12-13 17:41:08,38.8,12.9
2024-12-13 17:41:10,38.8,12.9
2024-12-13 17:41:12,38.8,12.9
2024-12-13 17:41:14,38.8,12.8
2024-12-13 17:41:16,38.8,12.8
2024-12-13 17:41:18,38.8,12.8
2024-12-13 17:41:20,38.8,13.2
2024-12-13 17:41:23,38.9,12.7
2024-12-13 17:41:25,38.9,13.4
2024-12-13 17:41:27,38.9,12.8
2024-12-13 17:41:29,38.9,12.8
2024-12-13 17:41:31,38.9,12.9
2024-12-13 17:41:33,39,12.7
2024-12-13 17:41:35,39,12.7
2024-12-13 17:41:37,39,12.7
2024-12-13 17:41:39,39,12.6
2024-12-13 17:41:41,39,13
2024-12-13 17:41:44,39,12.4
2024-12-13 17:41:46,39,12.5
2024-12-13 17:41:48,39.1,12.4
2024-12-13 17:41:50,39.1,12.5
2024-12-13 17:41:52,39.1,12.7
2024-12-13 17:41:54,39.1,12.8
2024-12-13 17:41:56,39.1,12.5
2024-12-13 17:41:58,39.1,12.6
2024-12-13 17:42:00,39.2,12.6
2024-12-13 17:42:03,39.2,12.8
2024-12-13 17:42:05,39.2,12.5
2024-12-13 17:42:07,39.2,13
2024-12-13 17:42:09,39.2,12.6
2024-12-13 17:42:11,39.2,12.7
2024-12-13 17:42:13,39.2,12.6
2024-12-13 17:42:15,39.2,13.1
2024-12-13 17:42:17,39.2,12.8
2024-12-13 17:42:19,39.3,12.6
2024-12-13 17:42:22,39.3,12.7
2024-12-13 17:42:24,39.3,12.5
2024-12-13 17:42:26,39.3,13
2024-12-13 17:42:28,39.3,13
2024-12-13 17:42:30,39.3,12.9
2024-12-13 17:42:32,39.3,12.7
2024-12-13 17:42:34,39.3,12.6
2024-12-13 17:42:36,39.4,12.8
2024-12-13 17:42:38,39.4,12.6
2024-12-13 17:42:40,39.4,12.8
2024-12-13 17:42:43,39.4,12.6
2024-12-13 17:42:45,39.4,12.9
2024-12-13 17:42:47,39.4,12.8
2024-12-13 17:42:49,39.4,12.8
2024-12-13 17:42:51,39.4,12.8
2024-12-13 17:42:53,39.5,12.7
2024-12-13 17:42:55,39.5,12.5
2024-12-13 17:42:57,39.5,12.6
2024-12-13 17:42:59,39.5,12.5
2024-12-13 17:43:02,39.5,12.2
2024-12-13 17:43:04,39.5,12.3
2024-12-13 17:43:06,39.5,12.3
2024-12-13 17:43:08,39.5,12.5
2024-12-13 17:43:10,39.6,12.3
2024-12-13 17:43:12,39.6,12.3
2024-12-13 17:43:14,39.6,12.3
2024-12-13 17:43:16,39.6,12.2
2024-12-13 17:43:18,39.6,12.3
2024-12-13 17:43:21,39.6,12.2
2024-12-13 17:43:23,39.6,11.9
2024-12-13 17:43:25,39.7,12.3
2024-12-13 17:43:27,39.7,12.2
2024-12-13 17:43:29,39.7,12.3
2024-12-13 17:43:31,39.7,12.2
2024-12-13 17:43:33,39.7,12.3
2024-12-13 17:43:35,39.7,12.1
2024-12-13 17:43:37,39.7,12.3
2024-12-13 17:43:39,39.8,12.2
2024-12-13 17:43:42,39.8,12.1
2024-12-13 17:43:44,39.8,12.2
2024-12-13 17:43:46,39.8,12.2
2024-12-13 17:43:48,39.8,12.2
2024-12-13 17:43:50,39.8,12.2
2024-12-13 17:43:52,39.8,12.2
2024-12-13 17:43:54,39.8,11.9
2024-12-13 17:43:56,39.8,12.1
2024-12-13 17:43:58,39.8,11.8
2024-12-13 17:44:01,39.9,11.8
2024-12-13 17:44:03,39.9,11.7
2024-12-13 17:44:05,39.9,11.9
2024-12-13 17:44:07,39.9,11.6
2024-12-13 17:44:09,39.9,11.7
2024-12-13 17:44:11,39.9,11.5
2024-12-13 17:44:13,39.9,11.6
2024-12-13 17:44:15,39.9,11.5
2024-12-13 17:44:17,39.9,11.6
2024-12-13 17:44:20,40,11.6
2024-12-13 17:44:22,40,11.5
2024-12-13 17:44:24,40,11.6
2024-12-13 17:44:26,40,11.5
2024-12-13 17:44:28,40,11.4
2024-12-13 17:44:30,40,11.4
2024-12-13 17:44:32,40,11.4
2024-12-13 17:44:34,40,11.8
2024-12-13 17:44:36,40,12
2024-12-13 17:44:38,40.1,12.1
2024-12-13 17:44:41,40,11.8
2024-12-13 17:44:43,40.1,11.8
2024-12-13 17:44:45,40.1,11.5
2024-12-13 17:44:47,40.1,11.4
2024-12-13 17:44:49,40.1,11.4
2024-12-13 17:44:51,40.1,11.3
2024-12-13 17:44:53,40.1,11.3
2024-12-13 17:44:55,40.1,11.3
2024-12-13 17:44:57,40.1,11.3
2024-12-13 17:45:00,40.1,11.3
2024-12-13 17:45:02,40.1,11.3
2024-12-13 17:45:04,40.1,11.2
2024-12-13 17:45:06,40.2,11.2
2024-12-13 17:45:08,40.2,11.3
2024-12-13 17:45:10,40.2,11.2
2024-12-13 17:45:12,40.2,11.3
2024-12-13 17:45:14,40.2,11.2
2024-12-13 17:45:16,40.2,11.1
2024-12-13 17:45:19,40.2,11.2
2024-12-13 17:45:21,40.2,11.1
2024-12-13 17:45:23,40.3,11.2
2024-12-13 17:45:25,40.3,11.2
2024-12-13 17:45:27,40.3,11.1
2024-12-13 17:45:29,40.3,11.1
2024-12-13 17:45:31,40.3,11.1
2024-12-13 17:45:33,40.3,11.2
2024-12-13 17:45:35,40.3,11.1
2024-12-13 17:45:38,40.4,11.1
2024-12-13 17:45:40,40.4,11.1
2024-12-13 17:45:42,40.4,11
2024-12-13 17:45:44,40.4,11
2024-12-13 17:45:46,40.4,10.9
2024-12-13 17:45:48,40.4,10.8
2024-12-13 17:45:50,40.4,10.7
2024-12-13 17:45:52,40.5,10.8
2024-12-13 17:45:54,40.5,10.7
2024-12-13 17:45:56,40.5,10.9
2024-12-13 17:45:59,40.5,10.8
2024-12-13 17:46:01,40.5,10.8
2024-12-13 17:46:03,40.5,10.8
2024-12-13 17:46:05,40.6,10.8
2024-12-13 17:46:07,40.6,10.7
2024-12-13 17:46:09,40.6,10.8
2024-12-13 17:46:11,40.6,10.7
2024-12-13 17:46:13,40.6,10.7
2024-12-13 17:46:15,40.6,10.7
2024-12-13 17:46:18,40.7,10.6
2024-12-13 17:46:20,40.7,10.6
2024-12-13 17:46:22,40.7,10.6
2024-12-13 17:46:24,40.7,10.6
2024-12-13 17:46:26,40.7,10.7
2024-12-13 17:46:28,40.7,10.6
2024-12-13 17:46:30,40.7,10.7
2024-12-13 17:46:32,40.7,10.5
2024-12-13 17:46:34,40.8,10.5
2024-12-13 17:46:37,40.8,10.5
2024-12-13 17:46:39,40.8,10.5
2024-12-13 17:46:41,40.8,10.6
2024-12-13 17:46:43,40.8,10.6
2024-12-13 17:46:45,40.8,10.5
2024-12-13 17:46:47,40.8,10.5
2024-12-13 17:46:49,40.9,10.5
2024-12-13 17:46:51,40.9,10.4
2024-12-13 17:46:53,40.9,10.4
2024-12-13 17:46:55,40.9,10.4
2024-12-13 17:46:58,40.9,10.3
2024-12-13 17:47:00,40.9,10.2
2024-12-13 17:47:02,40.9,10.2
2024-12-13 17:47:04,40.9,10.1
2024-12-13 17:47:06,41,10.2
2024-12-13 17:47:08,41,10.2
2024-12-13 17:47:10,41,10.2
2024-12-13 17:47:12,41,10.4
2024-12-13 17:47:14,41,10.3
2024-12-13 17:47:17,41,10.2
2024-12-13 17:47:19,41,10.2
2024-12-13 17:47:21,41.1,10.1
2024-12-13 17:47:23,41.1,9.900001
2024-12-13 17:47:25,41.1,10
2024-12-13 17:47:27,41.1,10
2024-12-13 17:47:29,41.1,9.900001
2024-12-13 17:47:31,41.1,9.900001
2024-12-13 17:47:33,41.2,9.8
2024-12-13 17:47:36,41.2,9.900001
2024-12-13 17:47:38,41.2,9.900001
2024-12-13 17:47:40,41.2,9.900001
2024-12-13 17:47:42,41.2,9.8
2024-12-13 17:47:44,41.2,9.8
2024-12-13 17:47:46,41.2,9.900001
2024-12-13 17:47:48,41.2,9.900001
2024-12-13 17:47:50,41.3,9.900001
2024-12-13 17:47:52,41.3,9.900001
2024-12-13 17:47:55,41.3,9.8
2024-12-13 17:47:57,41.3,9.7
2024-12-13 17:47:59,41.3,9.8
2024-12-13 17:48:01,41.3,9.7
2024-12-13 17:48:03,41.3,9.8
2024-12-13 17:48:05,41.3,9.8
2024-12-13 17:48:07,41.4,9.7
2024-12-13 17:48:09,41.4,9.8
2024-12-13 17:48:11,41.4,9.8
2024-12-13 17:48:13,41.4,9.8
2024-12-13 17:48:16,41.4,9.8
2024-12-13 17:48:18,41.5,9.6
2024-12-13 17:48:20,41.4,9.7
2024-12-13 17:48:22,41.5,9.7
2024-12-13 17:48:24,41.5,9.6
2024-12-13 17:48:26,41.5,9.5
2024-12-13 17:48:28,41.5,9.5
2024-12-13 17:48:30,41.5,9.5
2024-12-13 17:48:32,41.5,9.5
2024-12-13 17:48:35,41.6,9.5
2024-12-13 17:48:37,41.6,9.6
2024-12-13 17:48:39,41.6,9.6
2024-12-13 17:48:41,41.6,9.5
2024-12-13 17:48:43,41.6,9.6
2024-12-13 17:48:45,41.6,9.6
2024-12-13 17:48:47,41.6,9.6
2024-12-13 17:48:49,41.6,9.6
2024-12-13 17:48:51,41.6,9.6
2024-12-13 17:48:53,41.6,9.400001
2024-12-13 17:48:56,41.7,9.400001
2024-12-13 17:48:58,41.7,9.5
2024-12-13 17:49:00,41.7,9.5
2024-12-13 17:49:02,41.7,9.400001
2024-12-13 17:49:04,41.7,9.400001
2024-12-13 17:49:06,41.8,9.400001
2024-12-13 17:49:08,41.8,9.400001
2024-12-13 17:49:10,41.8,9.400001
2024-12-13 17:49:13,41.8,9.400001
2024-12-13 17:49:15,41.8,9.400001
2024-12-13 17:49:17,41.8,9.5
2024-12-13 17:49:19,41.8,9.400001
2024-12-13 17:49:21,41.8,9.3
2024-12-13 17:49:23,41.9,9.3
2024-12-13 17:49:25,41.9,9.2
2024-12-13 17:49:27,41.9,9.3
2024-12-13 17:49:29,41.9,9.2
2024-12-13 17:49:31,41.9,9.2
2024-12-13 17:49:34,41.9,9.2
2024-12-13 17:49:36,41.9,9.2
2024-12-13 17:49:38,41.9,9.2
2024-12-13 17:49:40,42,9.2
2024-12-13 17:49:42,41.9,9.2
2024-12-13 17:49:44,41.9,9.1
2024-12-13 17:49:46,42,9
2024-12-13 17:49:48,42,9
2024-12-13 17:49:50,42,9
2024-12-13 17:49:53,42,9
2024-12-13 17:49:55,42,9
2024-12-13 17:49:57,42,9
2024-12-13 17:49:59,42.1,9.2
2024-12-13 17:50:01,42.1,9.1
2024-12-13 17:50:03,42,9.1
2024-12-13 17:50:05,42.1,9.1
2024-12-13 17:50:07,42.1,9.1
2024-12-13 17:50:09,42.1,9.1
2024-12-13 17:50:11,42.1,9
2024-12-13 17:50:14,42.1,9
2024-12-13 17:50:16,42.1,8.900001
2024-12-13 17:50:18,42.2,9
2024-12-13 17:50:20,42.2,9
2024-12-13 17:50:22,42.2,9
2024-12-13 17:50:24,42.2,9
2024-12-13 17:50:26,42.2,8.900001
2024-12-13 17:50:28,42.2,9
2024-12-13 17:50:30,42.2,9
2024-12-13 17:50:33,42.2,9
2024-12-13 17:50:35,42.2,8.900001
2024-12-13 17:50:37,42.3,8.900001
2024-12-13 17:50:39,42.3,8.900001
2024-12-13 17:50:41,42.3,8.900001
2024-12-13 17:50:43,42.3,8.900001
2024-12-13 17:50:45,42.3,8.900001
2024-12-13 17:50:47,42.3,8.900001
2024-12-13 17:50:49,42.3,8.8
2024-12-13 17:50:52,42.3,8.900001
2024-12-13 17:50:54,42.3,8.900001
2024-12-13 17:50:56,42.3,8.8
2024-12-13 17:50:58,42.4,8.900001
2024-12-13 17:51:00,42.3,8.8
2024-12-13 17:51:02,42.4,8.8
2024-12-13 17:51:04,42.4,8.8
2024-12-13 17:51:06,42.4,8.8
2024-12-13 17:51:08,42.4,8.8
2024-12-13 17:51:10,42.4,8.8
2024-12-13 17:51:13,42.4,8.8
2024-12-13 17:51:15,42.5,8.8
2024-12-13 17:51:17,42.5,8.8
2024-12-13 17:51:19,42.5,8.8
2024-12-13 17:51:21,42.5,8.8
2024-12-13 17:51:23,42.5,8.7
2024-12-13 17:51:25,42.5,8.7
2024-12-13 17:51:27,42.5,8.7
2024-12-13 17:51:29,42.5,8.7
2024-12-13 17:51:32,42.5,8.7
2024-12-13 17:51:34,42.5,8.6
2024-12-13 17:51:36,42.5,8.6
2024-12-13 17:51:38,42.6,8.6
2024-12-13 17:51:40,42.6,8.7
2024-12-13 17:51:42,42.6,8.6
2024-12-13 17:51:44,42.6,8.5
2024-12-13 17:51:46,42.6,8.6
2024-12-13 17:51:48,42.6,8.5
2024-12-13 17:51:51,42.6,8.5
2024-12-13 17:51:53,42.6,8.400001
2024-12-13 17:51:55,42.6,8.400001
2024-12-13 17:51:57,42.6,8.400001
2024-12-13 17:51:59,42.6,8.400001
2024-12-13 17:52:01,42.7,8.400001
2024-12-13 17:52:03,42.7,8.3
2024-12-13 17:52:05,42.7,8.3
2024-12-13 17:52:07,42.7,8.400001
2024-12-13 17:52:10,42.7,8.3
2024-12-13 17:52:12,42.7,8.3
2024-12-13 17:52:14,42.7,8.3
2024-12-13 17:52:16,42.7,8.3
2024-12-13 17:52:18,42.7,8.400001
2024-12-13 17:52:20,42.7,8.3
2024-12-13 17:52:22,42.8,8.3
2024-12-13 17:52:24,42.7,8.3
2024-12-13 17:52:26,42.8,8.2
2024-12-13 17:52:28,42.8,8.2
2024-12-13 17:52:31,42.8,8.2
2024-12-13 17:52:33,42.8,8.2
2024-12-13 17:52:35,42.8,8.2
2024-12-13 17:52:37,42.8,8.3
2024-12-13 17:52:39,42.8,8.3
2024-12-13 17:52:41,42.8,8.2
2024-12-13 17:52:43,42.9,8.2
2024-12-13 17:52:45,42.9,8.3
2024-12-13 17:52:47,42.9,8.3
2024-12-13 17:52:50,42.9,8.2
2024-12-13 17:52:52,42.9,8.2
2024-12-13 17:52:54,42.9,8.2
2024-12-13 17:52:56,42.9,8.2
2024-12-13 17:52:58,43,8.2
2024-12-13 17:53:00,42.9,8.2
2024-12-13 17:53:02,43,8.1
2024-12-13 17:53:04,43,8.1
2024-12-13 17:53:06,43,8.400001
2024-12-13 17:53:08,43,8.6
2024-12-13 17:53:11,43,8.7
2024-12-13 17:53:13,43,8.6
2024-12-13 17:53:15,42.9,8.6
2024-12-13 17:53:17,42.9,8.400001
2024-12-13 17:53:19,42.9,8.400001
2024-12-13 17:53:21,42.9,8.400001
2024-12-13 17:53:23,42.9,8.3
2024-12-13 17:53:25,42.9,8.3
2024-12-13 17:53:27,42.9,8.2
2024-12-13 17:53:30,42.9,8.3
2024-12-13 17:53:32,42.9,8.3
2024-12-13 17:53:34,42.9,8.3
2024-12-13 17:53:36,42.9,8.2
2024-12-13 17:53:38,42.9,8.2
2024-12-13 17:53:40,42.9,8.3
2024-12-13 17:53:42,42.9,8.3
2024-12-13 17:53:44,42.9,8.2
2024-12-13 17:53:46,42.9,8.3
2024-12-13 17:53:49,42.9,8.2
2024-12-13 17:53:51,42.9,8.1
2024-12-13 17:53:53,42.9,8.1
2024-12-13 17:53:55,43,8.1
2024-12-13 17:53:57,42.9,8
2024-12-13 17:53:59,43,8
2024-12-13 17:54:01,43,8
2024-12-13 17:54:03,43,8.1
2024-12-13 17:54:05,43,8
2024-12-13 17:54:07,43,8.1
2024-12-13 17:54:10,43,8
2024-12-13 17:54:12,43,7.9
2024-12-13 17:54:14,43,7.8
2024-12-13 17:54:16,43,7.9
2024-12-13 17:54:18,43,7.9
2024-12-13 17:54:20,43,8
2024-12-13 17:54:22,43.1,8.1
2024-12-13 17:54:24,43,8
2024-12-13 17:54:26,43,8
2024-12-13 17:54:29,43,8
2024-12-13 17:54:31,43.1,7.9
2024-12-13 17:54:33,43.1,7.9
2024-12-13 17:54:35,43.1,7.9
2024-12-13 17:54:37,43.1,7.9
2024-12-13 17:54:39,43.1,7.8
2024-12-13 17:54:41,43.1,7.9
2024-12-13 17:54:43,43.1,7.9
2024-12-13 17:54:45,43.1,7.8
2024-12-13 17:54:47,43.1,7.8
2024-12-13 17:54:50,43.2,7.8
2024-12-13 17:54:52,43.2,7.7
2024-12-13 17:54:54,43.2,7.8
2024-12-13 17:54:56,43.2,7.8
2024-12-13 17:54:58,43.2,7.8
2024-12-13 17:55:00,43.2,7.8
2024-12-13 17:55:02,43.2,7.8
2024-12-13 17:55:04,43.2,7.7
2024-12-13 17:55:06,43.2,7.8
2024-12-13 17:55:09,43.2,7.8
2024-12-13 17:55:11,43.2,7.9
2024-12-13 17:55:13,43.3,7.8
2024-12-13 17:55:15,43.3,7.8
2024-12-13 17:55:17,43.3,7.8
2024-12-13 17:55:19,43.3,7.7
2024-12-13 17:55:21,43.3,7.7
2024-12-13 17:55:23,43.3,7.7
2024-12-13 17:55:25,43.3,7.7
2024-12-13 17:55:28,43.3,7.8
2024-12-13 17:55:30,43.3,7.7
2024-12-13 17:55:32,43.3,7.6
2024-12-13 17:55:34,43.3,7.7
2024-12-13 17:55:36,43.3,7.8
2024-12-13 17:55:38,43.3,7.7
2024-12-13 17:55:40,43.4,7.7
2024-12-13 17:55:42,43.4,7.7
2024-12-13 17:55:44,43.4,7.7
2024-12-13 17:55:46,43.4,7.7
2024-12-13 17:55:49,43.4,7.7
2024-12-13 17:55:51,43.4,7.6
2024-12-13 17:55:53,43.4,7.6
2024-12-13 17:55:55,43.4,7.6
2024-12-13 17:55:57,43.4,7.7
2024-12-13 17:55:59,43.4,7.7
2024-12-13 17:56:01,43.4,7.6
2024-12-13 17:56:03,43.4,7.6
2024-12-13 17:56:05,43.4,7.6
2024-12-13 17:56:08,43.4,7.6
2024-12-13 17:56:10,43.5,7.6
2024-12-13 17:56:12,43.5,7.6
2024-12-13 17:56:14,43.5,7.5
2024-12-13 17:56:16,43.5,7.5
2024-12-13 17:56:18,43.5,7.4
2024-12-13 17:56:20,43.5,7.6
2024-12-13 17:56:22,43.5,7.4
2024-12-13 17:56:24,43.5,7.5
2024-12-13 17:56:27,43.5,7.5
2024-12-13 17:56:29,43.5,7.4
2024-12-13 17:56:31,43.5,7.5
2024-12-13 17:56:33,43.5,7.4
2024-12-13 17:56:35,43.6,7.5
2024-12-13 17:56:37,43.6,7.5
2024-12-13 17:56:39,43.6,7.4
2024-12-13 17:56:41,43.5,7.3
2024-12-13 17:56:43,43.6,7.4
2024-12-13 17:56:45,43.6,7.4
2024-12-13 17:56:48,43.6,7.4
2024-12-13 17:56:50,43.6,7.5
2024-12-13 17:56:52,43.6,7.4
2024-12-13 17:56:54,43.6,7.5
2024-12-13 17:56:56,43.6,7.5
2024-12-13 17:56:58,43.6,7.5
2024-12-13 17:57:00,43.6,7.4
2024-12-13 17:57:02,43.6,7.3
2024-12-13 17:57:04,43.7,7.4
2024-12-13 17:57:07,43.7,7.3
2024-12-13 17:57:09,43.7,7.2
2024-12-13 17:57:11,43.7,7.3
2024-12-13 17:57:13,43.7,7.3
2024-12-13 17:57:15,43.7,7.2
2024-12-13 17:57:17,43.7,7.2
2024-12-13 17:57:19,43.7,7.2
2024-12-13 17:57:21,43.7,7.2
2024-12-13 17:57:23,43.7,7.2
2024-12-13 17:57:25,43.7,7.2
2024-12-13 17:57:28,43.7,7.2
2024-12-13 17:57:30,43.8,7.2
2024-12-13 17:57:32,43.7,7.2
2024-12-13 17:57:34,43.8,7.1
2024-12-13 17:57:36,43.8,7.2
2024-12-13 17:57:38,43.8,7.1
2024-12-13 17:57:40,43.8,7.2
2024-12-13 17:57:42,43.8,7.2
2024-12-13 17:57:44,43.8,7.1
2024-12-13 17:57:47,43.8,7.2
2024-12-13 17:57:49,43.8,7.2
2024-12-13 17:57:51,43.8,7.1
2024-12-13 17:57:53,43.8,7.2
2024-12-13 17:57:55,43.8,7.1
2024-12-13 17:57:57,43.8,7.2
2024-12-13 17:57:59,43.8,7.1
2024-12-13 17:58:01,43.8,7.1
2024-12-13 17:58:03,43.8,7.1
2024-12-13 17:58:06,43.8,7.1
2024-12-13 17:58:08,43.8,7.1
2024-12-13 17:58:10,43.9,7.1
2024-12-13 17:58:12,43.9,7
2024-12-13 17:58:14,43.9,7.1
2024-12-13 17:58:16,43.9,7
2024-12-13 17:58:18,43.9,7
2024-12-13 17:58:20,43.9,7
2024-12-13 17:58:22,43.9,6.9
2024-12-13 17:58:24,43.9,7
2024-12-13 17:58:27,43.9,6.9
2024-12-13 17:58:29,43.9,7
2024-12-13 17:58:31,43.9,7
2024-12-13 17:58:33,43.9,6.9
2024-12-13 17:58:35,43.9,6.9
2024-12-13 17:58:37,44,6.9
2024-12-13 17:58:39,44,6.9
2024-12-13 17:58:41,44,6.9
2024-12-13 17:58:43,44,7
2024-12-13 17:58:46,44,7
2024-12-13 17:58:48,44,7
2024-12-13 17:58:50,44,7
2024-12-13 17:58:52,44,7
2024-12-13 17:58:54,44,7
2024-12-13 17:58:56,44,7
2024-12-13 17:58:58,44,7.1
2024-12-13 17:59:00,44,7
2024-12-13 17:59:02,44,7
2024-12-13 17:59:04,44,6.9
2024-12-13 17:59:07,44,6.9
2024-12-13 17:59:09,44.1,6.9
2024-12-13 17:59:11,44.1,6.9
2024-12-13 17:59:13,44.1,6.9
2024-12-13 17:59:15,44.1,6.8
2024-12-13 17:59:17,44.1,6.7
2024-12-13 17:59:19,44.1,6.8
2024-12-13 17:59:21,44.1,6.7
2024-12-13 17:59:23,44.1,6.8
2024-12-13 17:59:26,44.1,6.7
2024-12-13 17:59:28,44.1,6.6
2024-12-13 17:59:30,44.1,6.7
2024-12-13 17:59:32,44.1,6.8
2024-12-13 17:59:34,44.1,6.8
2024-12-13 17:59:36,44.1,6.7
2024-12-13 17:59:38,44.1,6.8
2024-12-13 17:59:40,44.1,6.8
2024-12-13 17:59:42,44.1,6.7
2024-12-13 17:59:45,44.1,6.7
2024-12-13 17:59:47,44.1,6.8
2024-12-13 17:59:49,44.2,6.7
2024-12-13 17:59:51,44.2,6.7
2024-12-13 17:59:53,44.2,6.8
2024-12-13 17:59:55,44.2,6.8
2024-12-13 17:59:57,44.2,6.8
2024-12-13 17:59:59,44.2,6.8
2024-12-13 18:00:01,44.2,6.7
2024-12-13 18:00:03,44.2,6.8
2024-12-13 18:00:06,44.2,6.7
2024-12-13 18:00:08,44.2,6.7
2024-12-13 18:00:10,44.2,6.7
2024-12-13 18:00:12,44.2,6.7
2024-12-13 18:00:14,44.2,6.6
2024-12-13 18:00:16,44.2,6.7
2024-12-13 18:00:18,44.2,6.6
2024-12-13 18:00:20,44.2,6.7
2024-12-13 18:00:22,44.3,6.7
2024-12-13 18:00:25,44.2,6.7
2024-12-13 18:00:27,44.3,6.7
2024-12-13 18:00:29,44.3,6.7
2024-12-13 18:00:31,44.2,6.7
2024-12-13 18:00:33,44.3,6.7
2024-12-13 18:00:35,44.3,6.7
2024-12-13 18:00:37,44.3,6.7
2024-12-13 18:00:39,44.3,6.7
2024-12-13 18:00:41,44.3,6.6
2024-12-13 18:00:43,44.3,6.7
2024-12-13 18:00:46,44.3,6.6
2024-12-13 18:00:48,44.3,6.6
2024-12-13 18:00:50,44.3,6.6
2024-12-13 18:00:52,44.3,6.6
2024-12-13 18:00:54,44.3,6.5
2024-12-13 18:00:56,44.3,6.6
2024-12-13 18:00:58,44.3,6.6
2024-12-13 18:01:00,44.3,6.5
2024-12-13 18:01:02,44.3,6.5
2024-12-13 18:01:05,44.4,6.5
2024-12-13 18:01:07,44.3,6.5
2024-12-13 18:01:09,44.4,6.5
2024-12-13 18:01:11,44.3,6.5
2024-12-13 18:01:13,44.4,6.5
2024-12-13 18:01:15,44.3,6.5
2024-12-13 18:01:17,44.4,6.5
2024-12-13 18:01:19,44.4,6.4
2024-12-13 18:01:21,44.4,6.5
2024-12-13 18:01:24,44.4,6.4
2024-12-13 18:01:26,44.4,6.5
2024-12-13 18:01:28,44.4,6.4
2024-12-13 18:01:30,44.4,6.4
2024-12-13 18:01:32,44.4,6.4
2024-12-13 18:01:34,44.4,6.4
2024-12-13 18:01:36,44.5,6.6
2024-12-13 18:01:38,44.4,6.5
2024-12-13 18:01:40,44.5,6.5
2024-12-13 18:01:42,44.4,6.5
2024-12-13 18:01:45,44.5,6.5
2024-12-13 18:01:47,44.5,6.4
2024-12-13 18:01:49,44.5,6.4
2024-12-13 18:01:51,44.5,6.4
2024-12-13 18:09:33,37.9,24.5
2024-12-13 18:09:35,37.9,24.4
2024-12-13 18:09:37,37.9,24.5
2024-12-13 18:09:39,37.8,24.5
2024-12-13 18:09:41,37.8,24.5
2024-12-13 18:09:44,37.8,24.4
2024-12-13 18:09:46,37.7,24.5
2024-12-13 18:09:48,37.7,24.4
2024-12-13 18:09:50,37.7,24.6
2024-12-13 18:09:52,37.6,24.5
2024-12-13 18:09:54,37.6,24.6
2024-12-13 18:09:56,37.6,24.8
2024-12-13 18:09:58,37.6,24.9
2024-12-13 18:10:00,37.5,24.9
2024-12-13 18:10:03,37.5,24.9
2024-12-13 18:10:05,37.5,25
2024-12-13 18:10:07,37.4,25.1
2024-12-13 18:10:09,37.5,25.1
2024-12-13 18:10:11,37.4,25.1
2024-12-13 18:10:13,37.4,25.2
2024-12-13 18:10:15,37.3,25.2
2024-12-13 18:10:17,37.3,25.2
2024-12-13 18:10:19,37.3,25.1
2024-12-13 18:10:21,37.3,25.1
2024-12-13 18:10:24,37.3,25.1
2024-12-13 18:10:26,37.2,25.1
2024-12-13 18:10:28,37.2,25.1
2024-12-13 18:10:30,37.2,25.1
2024-12-13 18:10:32,37.1,25.2
2024-12-13 18:10:34,37.1,25.2
2024-12-13 18:10:36,37.1,25.3
2024-12-13 18:10:38,37.1,25.3
2024-12-13 18:10:40,37.1,25.4
2024-12-13 18:10:43,37,25.3
2024-12-13 18:10:45,37,25.3
2024-12-13 18:10:47,37,25.3
2024-12-13 18:10:49,37,25.3
2024-12-13 18:10:51,36.9,25.3
2024-12-13 18:10:53,36.9,25.3
2024-12-13 18:10:55,36.9,25.4
2024-12-13 18:10:57,36.8,25.5
2024-12-13 18:10:59,36.8,25.5
2024-12-13 18:11:02,36.8,25.5
2024-12-13 18:11:04,36.8,25.6
2024-12-13 18:11:06,36.7,25.6
2024-12-13 18:11:08,36.7,25.6
2024-12-13 18:11:10,36.7,25.7
2024-12-13 18:11:12,36.7,25.8
2024-12-13 18:11:14,36.7,25.8
2024-12-13 18:11:16,36.6,25.7
2024-12-13 18:11:18,36.6,25.8
2024-12-13 18:11:21,36.6,25.8
2024-12-13 18:11:23,36.6,25.9
2024-12-13 18:11:25,36.5,25.9
2024-12-13 18:11:27,36.5,26
2024-12-13 18:11:29,36.4,25.9
2024-12-13 18:11:31,36.4,25.9
2024-12-13 18:11:33,36.4,26.1
2024-12-13 18:11:35,36.4,26.1
2024-12-13 18:11:37,36.4,26.1
2024-12-13 18:11:39,36.3,26.2
2024-12-13 18:11:42,36.3,26.2
2024-12-13 18:11:44,36.3,26.2
2024-12-13 18:11:46,36.3,26.1
2024-12-13 18:11:48,36.2,26.2
2024-12-13 18:11:50,36.2,26.2
2024-12-13 18:11:52,36.2,26.3
2024-12-13 18:11:54,36.2,26.3
2024-12-13 18:11:56,36.1,26.3
2024-12-13 18:11:58,36.1,26.3
2024-12-13 18:12:01,36.1,26.4
2024-12-13 18:12:03,36,26.4
2024-12-13 18:12:05,36,26.3
2024-12-13 18:12:07,36,26.2
2024-12-13 18:12:09,36,26.1
2024-12-13 18:12:11,36,26.1
2024-12-13 18:12:13,35.9,26.1
2024-12-13 18:12:15,35.9,26.1
2024-12-13 18:12:17,35.9,26.1
2024-12-13 18:12:20,35.9,26.3
2024-12-13 18:12:22,35.8,26.2
2024-12-13 18:12:24,35.8,26.3
2024-12-13 18:12:26,35.8,26.4
2024-12-13 18:12:28,35.8,26.3
2024-12-13 18:12:30,35.8,26.4
2024-12-13 18:12:32,35.7,26.4
2024-12-13 18:12:34,35.7,26.4
2024-12-13 18:12:36,35.7,26.4
2024-12-13 18:12:38,35.6,26.4
2024-12-13 18:12:41,35.6,26.4
2024-12-13 18:12:43,35.6,26.5
2024-12-13 18:12:45,35.6,26.6
2024-12-13 18:12:47,35.6,26.7
2024-12-13 18:12:49,35.6,26.7
2024-12-13 18:12:51,35.5,26.8
2024-12-13 18:12:53,35.5,26.9
2024-12-13 18:12:55,35.5,26.9
2024-12-13 18:12:57,35.4,27
2024-12-13 18:13:00,35.4,27
2024-12-13 18:13:02,35.4,27
2024-12-13 18:13:04,35.4,27
2024-12-13 18:13:06,35.4,26.9
2024-12-13 18:13:08,35.3,27
2024-12-13 18:13:10,35.3,27
2024-12-13 18:13:12,35.3,26.9
2024-12-13 18:13:14,35.3,27
2024-12-13 18:13:16,35.2,27
2024-12-13 18:13:19,35.2,27
2024-12-13 18:13:21,35.2,27
2024-12-13 18:13:23,35.2,27
2024-12-13 18:13:25,35.2,27
2024-12-13 18:13:27,35.1,27.1
2024-12-13 18:13:29,35.1,27.1
2024-12-13 18:13:31,35.1,27.1
2024-12-13 18:13:33,35.1,27.2
2024-12-13 18:13:35,35.1,27.1
2024-12-13 18:13:37,35,27.1
2024-12-13 18:13:40,35,27.1
2024-12-13 18:13:42,35,27.1
2024-12-13 18:13:44,35,27.2
2024-12-13 18:13:46,34.9,27.2
2024-12-13 18:13:48,34.9,27.1
2024-12-13 18:13:50,34.9,27.1
2024-12-13 18:13:52,34.9,27.2
2024-12-13 18:13:54,34.8,27.3
2024-12-13 18:13:56,34.8,27.3
2024-12-13 18:13:59,34.8,27.3
2024-12-13 18:14:01,34.8,27.2
2024-12-13 18:14:03,34.8,27.1
2024-12-13 18:14:05,34.7,27.1
2024-12-13 18:14:07,34.7,27.1
2024-12-13 18:14:09,34.7,27
2024-12-13 18:14:11,34.7,27.1
2024-12-13 18:14:13,34.6,27.2
2024-12-13 18:14:15,34.6,27.2
2024-12-13 18:14:18,34.6,27.2
2024-12-13 18:14:20,34.6,27.1
2024-12-13 18:14:22,34.6,27.1
2024-12-13 18:14:24,34.6,27.2
2024-12-13 18:14:26,34.5,27.2
2024-12-13 18:14:28,34.5,27.2
2024-12-13 18:14:30,34.5,27.2
2024-12-13 18:14:32,34.5,27.2
2024-12-13 18:14:34,34.4,27.3
2024-12-13 18:14:37,34.5,27.3
2024-12-13 18:14:39,34.4,27.3
2024-12-13 18:14:41,34.4,27.5
2024-12-13 18:14:43,34.4,27.4
2024-12-13 18:14:45,34.4,27.4
2024-12-13 18:14:47,34.3,27.4
2024-12-13 18:14:49,34.3,27.5
2024-12-13 18:14:51,34.3,27.5
2024-12-13 18:14:53,34.3,27.6
2024-12-13 18:14:55,34.2,27.5
2024-12-13 18:14:58,34.2,27.5
2024-12-13 18:15:00,34.2,27.5
2024-12-13 18:15:02,34.2,27.5
2024-12-13 18:15:04,34.2,27.5
2024-12-13 18:15:06,34.1,27.6
2024-12-13 18:15:08,34.1,27.5
2024-12-13 18:15:10,34.1,27.6
2024-12-13 18:15:12,34.1,27.7
2024-12-13 18:15:14,34.1,27.7
2024-12-13 18:15:17,34,27.6
2024-12-13 18:15:19,34,27.7
2024-12-13 18:15:21,34,27.7
2024-12-13 18:15:23,34,27.9
2024-12-13 18:15:25,34,28
2024-12-13 18:15:27,33.9,27.9
2024-12-13 18:15:29,33.9,28
2024-12-13 18:15:31,33.9,28
2024-12-13 18:15:33,33.9,28
2024-12-13 18:15:35,33.9,28
2024-12-13 18:15:38,33.8,28
2024-12-13 18:15:40,33.8,28
2024-12-13 18:15:42,33.8,28
2024-12-13 18:15:44,33.8,28.1
2024-12-13 18:15:46,33.8,28
2024-12-13 18:15:48,33.7,27.9
2024-12-13 18:15:50,33.7,27.9
2024-12-13 18:15:52,33.7,27.9
2024-12-13 18:15:54,33.7,27.9
2024-12-13 18:15:57,33.7,27.9
2024-12-13 18:15:59,33.6,27.9
2024-12-13 18:16:01,33.6,27.8
2024-12-13 18:16:03,33.6,27.9
2024-12-13 18:16:05,33.6,28
2024-12-13 18:16:07,33.6,28.1
2024-12-13 18:16:09,33.6,28
2024-12-13 18:16:11,33.5,28
2024-12-13 18:16:13,33.5,28
2024-12-13 18:16:16,33.5,28
2024-12-13 18:16:18,33.5,28
2024-12-13 18:16:20,33.5,28.1
2024-12-13 18:16:22,33.4,28.1
2024-12-13 18:16:24,33.4,28.1
2024-12-13 18:16:26,33.4,28.1
2024-12-13 18:16:28,33.4,28.1
2024-12-13 18:16:30,33.4,28.1
2024-12-13 18:16:32,33.4,28.1
2024-12-13 18:16:35,33.3,28
2024-12-13 18:16:37,33.3,28
2024-12-13 18:16:39,33.3,28
2024-12-13 18:16:41,33.3,28.2
2024-12-13 18:16:43,33.3,28.2
2024-12-13 18:16:45,33.2,28.2
2024-12-13 18:16:47,33.2,28.2
2024-12-13 18:16:49,33.2,28.3
2024-12-13 18:16:51,33.2,28.3
2024-12-13 18:16:53,33.2,28.3
2024-12-13 18:16:56,33.2,28.3
2024-12-13 18:16:58,33.1,28.4
2024-12-13 18:17:00,33.1,28.4
2024-12-13 18:17:02,33.1,28.3
2024-12-13 18:17:04,33.1,28.4
2024-12-13 18:17:06,33,28.4
2024-12-13 18:17:08,33,28.4
2024-12-13 18:17:10,33.1,28.4
2024-12-13 18:17:12,33,28.5
2024-12-13 18:17:15,33,28.5
2024-12-13 18:17:17,33,28.5
2024-12-13 18:17:19,32.9,28.5
2024-12-13 18:17:21,32.9,28.4
2024-12-13 18:17:23,32.9,28.4
2024-12-13 18:17:25,32.9,28.4
2024-12-13 18:17:27,32.9,28.5
2024-12-13 18:17:29,32.9,28.5
2024-12-13 18:17:31,32.8,28.5
2024-12-13 18:17:34,32.8,28.6
2024-12-13 18:17:36,32.8,28.6
2024-12-13 18:17:38,32.8,28.5
2024-12-13 18:17:40,32.8,28.6
2024-12-13 18:17:42,32.8,28.6
2024-12-13 18:17:44,32.7,28.6
2024-12-13 18:17:46,32.7,28.7
2024-12-13 18:17:48,32.7,28.8
2024-12-13 18:17:50,32.7,28.8
2024-12-13 18:17:52,32.7,28.8
2024-12-13 18:17:55,32.7,28.8
2024-12-13 18:17:57,32.7,28.7
2024-12-13 18:17:59,32.6,28.8
2024-12-13 18:18:01,32.6,28.9
2024-12-13 18:18:03,32.6,28.8
2024-12-13 18:18:05,32.6,28.7
2024-12-13 18:18:07,32.6,28.8
2024-12-13 18:18:09,32.5,28.8
2024-12-13 18:18:11,32.5,28.8
2024-12-13 18:18:14,32.5,28.7
2024-12-13 18:18:16,32.5,28.7
2024-12-13 18:18:18,32.5,28.8
2024-12-13 18:18:20,32.4,28.8
2024-12-13 18:18:22,32.4,28.8
2024-12-13 18:18:24,32.4,28.9
2024-12-13 18:18:26,32.4,28.9
2024-12-13 18:18:28,32.4,28.9
2024-12-13 18:18:30,32.4,29
2024-12-13 18:18:33,32.4,29
2024-12-13 18:18:35,32.3,29
2024-12-13 18:18:37,32.3,29
2024-12-13 18:18:39,32.3,29
2024-12-13 18:18:41,32.3,29
2024-12-13 18:18:43,32.3,29
2024-12-13 18:18:45,32.2,29
2024-12-13 18:18:47,32.2,29
2024-12-13 18:18:49,32.2,29
2024-12-13 18:18:51,32.2,28.8
2024-12-13 18:18:54,32.2,28.9
2024-12-13 18:18:56,32.2,28.8
2024-12-13 18:18:58,32.1,28.9
2024-12-13 18:19:00,32.1,28.9
2024-12-13 18:19:02,32.1,28.9
2024-12-13 18:19:04,32.1,28.9
2024-12-13 18:19:06,32.1,29
2024-12-13 18:19:08,32.1,28.9
2024-12-13 18:19:10,32.1,28.9
2024-12-13 18:19:13,32,28.9
2024-12-13 18:19:15,32,29
2024-12-13 18:19:17,32,28.9
2024-12-13 18:19:19,32,28.9
2024-12-13 18:19:21,32,28.9
2024-12-13 18:19:23,31.9,29
2024-12-13 18:19:25,31.9,29
2024-12-13 18:19:27,31.9,29
2024-12-13 18:19:29,31.9,29
2024-12-13 18:19:31,31.9,29
2024-12-13 18:19:34,31.9,29
2024-12-13 18:19:36,31.8,29
2024-12-13 18:19:38,31.9,29
2024-12-13 18:19:40,31.8,29
2024-12-13 18:19:42,31.8,28.9
2024-12-13 18:19:44,31.8,29
2024-12-13 18:19:46,31.8,29
2024-12-13 18:19:48,31.8,29
2024-12-13 18:19:50,31.8,29.1
2024-12-13 18:19:53,31.7,29.1
2024-12-13 18:19:55,31.7,29
2024-12-13 18:19:57,31.7,29
2024-12-13 18:19:59,31.7,29.1
2024-12-13 18:20:01,31.7,29.1
2024-12-13 18:20:03,31.6,29.1
2024-12-13 18:20:05,31.6,29.1
2024-12-13 18:20:07,31.6,29.1
2024-12-13 18:20:09,31.6,29.2
2024-12-13 18:20:12,31.6,29.2
2024-12-13 18:20:14,31.6,29.2
2024-12-13 18:20:16,31.6,29.2
2024-12-13 18:20:18,31.5,29.3
2024-12-13 18:20:20,31.5,29.2
2024-12-13 18:20:22,31.5,29.2
2024-12-13 18:20:24,31.5,29.2
2024-12-13 18:20:26,31.5,29.2
2024-12-13 18:20:28,31.4,29.1
2024-12-13 18:20:30,31.5,29.2
2024-12-13 18:20:33,31.4,29.2
2024-12-13 18:20:35,31.4,29.2
2024-12-13 18:20:37,31.4,29.2
2024-12-13 18:20:39,31.4,29.2
2024-12-13 18:20:41,31.4,29.2
2024-12-13 18:20:43,31.4,29.3
2024-12-13 18:20:45,31.3,29.2
2024-12-13 18:20:47,31.3,29.2
2024-12-13 18:20:49,31.3,29.2
2024-12-13 18:20:52,31.3,29.2
2024-12-13 18:20:54,31.3,29.3
2024-12-13 18:20:56,31.3,29.2
2024-12-13 18:20:58,31.3,29.3
2024-12-13 18:21:00,31.2,29.3
2024-12-13 18:21:02,31.2,29.3
2024-12-13 18:21:04,31.2,29.3
2024-12-13 18:21:06,31.2,29.3
2024-12-13 18:21:08,31.2,29.4
2024-12-13 18:21:11,31.2,29.4
2024-12-13 18:21:13,31.2,29.3
2024-12-13 18:21:15,31.1,29.4
2024-12-13 18:21:17,31.1,29.4
2024-12-13 18:21:19,31.1,29.4
2024-12-13 18:21:21,31.1,29.3
2024-12-13 18:21:23,31.1,29.3
2024-12-13 18:21:25,31.1,29.3
2024-12-13 18:21:27,31.1,29.3
2024-12-13 18:21:30,31,29.3
2024-12-13 18:21:32,31,29.3
2024-12-13 18:21:34,31,29.2
2024-12-13 18:21:36,31,29.2
2024-12-13 18:21:38,31,29.3
2024-12-13 18:21:40,31,29.2
2024-12-13 18:21:42,30.9,29.3
2024-12-13 18:21:44,30.9,29.3
2024-12-13 18:21:46,30.9,29.3
2024-12-13 18:21:48,30.9,29.4
2024-12-13 18:21:51,30.9,29.3
2024-12-13 18:21:53,30.9,29.3
2024-12-13 18:21:55,30.8,29.4
2024-12-13 18:21:57,30.9,29.3
2024-12-13 18:21:59,30.8,29.4
2024-12-13 18:22:01,30.8,29.4
2024-12-13 18:22:03,30.8,29.5
2024-12-13 18:22:05,30.8,29.5
2024-12-13 18:22:07,30.8,29.5
2024-12-13 18:22:10,30.7,29.5
2024-12-13 18:22:12,30.8,29.6
2024-12-13 18:22:14,30.7,29.7
2024-12-13 18:22:16,30.7,29.7
2024-12-13 18:22:18,30.7,29.7
2024-12-13 18:22:20,30.7,29.6
2024-12-13 18:22:22,30.7,29.7
2024-12-13 18:22:24,30.6,29.6
2024-12-13 18:22:26,30.7,29.7
2024-12-13 18:22:29,30.6,29.6
2024-12-13 18:22:31,30.6,29.7
2024-12-13 18:22:33,30.6,29.7
2024-12-13 18:22:35,30.6,29.6
2024-12-13 18:22:37,30.6,29.6
2024-12-13 18:22:39,30.5,29.7
2024-12-13 18:22:41,30.6,29.6
2024-12-13 18:22:43,30.5,29.6
2024-12-13 18:22:45,30.5,29.7
2024-12-13 18:22:47,30.5,29.7
2024-12-13 18:22:50,30.5,29.6
2024-12-13 18:22:52,30.5,29.6
2024-12-13 18:22:54,30.4,29.5
2024-12-13 18:22:56,30.4,29.7
2024-12-13 18:22:58,30.4,29.7
2024-12-13 18:23:00,30.4,29.7
2024-12-13 18:23:02,30.4,29.7
2024-12-13 18:23:04,30.4,29.6
2024-12-13 18:23:06,30.4,29.6
2024-12-13 18:23:09,30.3,29.6
2024-12-13 18:23:11,30.4,29.6
2024-12-13 18:23:13,30.3,29.7
2024-12-13 18:23:15,30.3,29.7
2024-12-13 18:23:17,30.3,29.8
2024-12-13 18:23:19,30.3,29.8
2024-12-13 18:23:21,30.3,29.8
2024-12-13 18:23:23,30.2,29.8
2024-12-13 18:23:25,30.3,29.8
2024-12-13 18:23:28,30.2,29.8
2024-12-13 18:23:30,30.2,29.8
2024-12-13 18:23:32,30.2,29.9
2024-12-13 18:23:34,30.2,29.7
2024-12-13 18:23:36,30.2,29.8
2024-12-13 18:23:38,30.2,29.9
2024-12-13 18:23:40,30.2,29.9
2024-12-13 18:23:42,30.1,29.9
2024-12-13 18:23:44,30.1,29.9
2024-12-13 18:23:47,30.1,29.9
2024-12-13 18:23:49,30.1,29.9
2024-12-13 18:23:51,30.1,29.9
2024-12-13 18:23:53,30.1,29.9
2024-12-13 18:23:55,30.1,29.9
2024-12-13 18:23:57,30,29.9
2024-12-13 18:23:59,30,29.9
2024-12-13 18:24:01,30,29.9
2024-12-13 18:24:03,30,29.9
2024-12-13 18:24:05,30,29.8
2024-12-13 18:24:08,30,29.9
2024-12-13 18:24:10,29.9,29.9
2024-12-13 18:24:12,30,30
2024-12-13 18:24:14,29.9,29.8
2024-12-13 18:24:16,29.9,30
2024-12-13 18:24:18,29.9,30
2024-12-13 18:24:20,29.9,30.1
2024-12-13 18:24:22,29.9,30.1
2024-12-13 18:24:24,29.9,30.1
2024-12-13 18:24:27,29.8,30.1
2024-12-13 18:24:29,29.8,30.2
2024-12-13 18:24:31,29.8,30.2
2024-12-13 18:24:33,29.8,30.1
2024-12-13 18:24:35,29.8,30.1
2024-12-13 18:24:37,29.8,30.1
2024-12-13 18:24:39,29.8,30.1
2024-12-13 18:24:41,29.8,30.1
2024-12-13 18:24:43,29.7,30.1
2024-12-13 18:24:45,29.7,30
2024-12-13 18:24:48,29.7,30.1
2024-12-13 18:24:50,29.7,30.1
2024-12-13 18:24:52,29.7,30.1
2024-12-13 18:24:54,29.7,30.1
2024-12-13 18:24:56,29.7,30.2
2024-12-13 18:24:58,29.7,30.2
2024-12-13 18:25:00,29.6,30.2
2024-12-13 18:25:02,29.6,30.2
2024-12-13 18:25:04,29.6,30.2
2024-12-13 18:25:07,29.6,30.3
2024-12-13 18:25:09,29.6,30.3
2024-12-13 18:25:11,29.6,30.3
2024-12-13 18:25:13,29.6,30.3
2024-12-13 18:25:15,29.5,30.3
2024-12-13 18:25:17,29.6,30.4
2024-12-13 18:25:19,29.5,30.3
2024-12-13 18:25:21,29.5,30.3
2024-12-13 18:25:23,29.5,30.4
2024-12-13 18:25:26,29.5,30.4
2024-12-13 18:25:28,29.5,30.6
2024-12-13 18:25:30,29.4,30.5
2024-12-13 18:25:32,29.5,30.5
2024-12-13 18:25:34,29.4,30.6
2024-12-13 18:25:36,29.4,30.5
2024-12-13 18:25:38,29.4,30.6
2024-12-13 18:25:40,29.4,30.5
2024-12-13 18:25:42,29.4,30.6
2024-12-13 18:25:45,29.4,30.6
2024-12-13 18:25:47,29.4,30.7
2024-12-13 18:25:49,29.3,30.7
2024-12-13 18:25:51,29.4,30.7
2024-12-13 18:25:53,29.3,30.7
2024-12-13 18:25:55,29.3,30.7
2024-12-13 18:25:57,29.3,30.7
2024-12-13 18:25:59,29.3,30.7
2024-12-13 18:26:01,29.3,30.7
2024-12-13 18:26:03,29.2,30.7
2024-12-13 18:26:06,29.2,30.7
2024-12-13 18:26:08,29.2,30.7
2024-12-13 18:26:10,29.2,30.6
2024-12-13 18:26:12,29.2,30.7
2024-12-13 18:26:14,29.2,30.6
2024-12-13 18:26:16,29.2,30.7
2024-12-13 18:26:18,29.2,30.8
2024-12-13 18:26:20,29.1,30.7
2024-12-13 18:26:22,29.2,30.7
2024-12-13 18:26:25,29.1,30.7
2024-12-13 18:26:27,29.1,30.6
2024-12-13 18:26:29,29.1,30.7
2024-12-13 18:26:31,29.1,30.7
2024-12-13 18:26:33,29.1,30.7
2024-12-13 18:26:35,29.1,30.7
2024-12-13 18:26:37,29.1,30.8
2024-12-13 18:26:39,29,30.9
2024-12-13 18:26:41,29,30.8
2024-12-13 18:26:44,29,30.8
2024-12-13 18:26:46,29,30.8
2024-12-13 18:26:48,29,30.8
2024-12-13 18:26:50,29,30.8
2024-12-13 18:26:52,29,30.8
2024-12-13 18:26:54,29,30.9
2024-12-13 18:26:56,28.9,30.9
2024-12-13 18:26:58,28.9,30.9
2024-12-13 18:27:00,28.9,30.9
2024-12-13 18:27:02,28.9,30.9
2024-12-13 18:27:05,28.9,30.9
2024-12-13 18:27:07,28.9,30.9
2024-12-13 18:27:09,28.9,30.9
2024-12-13 18:27:11,28.9,30.8
2024-12-13 18:27:13,28.8,30.8
2024-12-13 18:27:15,28.8,30.9
2024-12-13 18:27:17,28.8,30.8
2024-12-13 18:27:19,28.8,30.9
2024-12-13 18:27:21,28.8,30.9
2024-12-13 18:27:24,28.8,30.9
2024-12-13 18:27:26,28.8,30.9
2024-12-13 18:27:28,28.8,30.9
2024-12-13 18:27:30,28.7,30.9
2024-12-13 18:27:32,28.7,31
2024-12-13 18:27:34,28.7,31
2024-12-13 18:27:36,28.7,30.9
2024-12-13 18:27:38,28.7,30.9
2024-12-13 18:27:40,28.7,31
2024-12-13 18:27:43,28.7,31.1
2024-12-13 18:27:45,28.7,31
2024-12-13 18:27:47,28.7,31
2024-12-13 18:27:49,28.6,31
2024-12-13 18:27:51,28.6,31
2024-12-13 18:27:53,28.6,31.1
2024-12-13 18:27:55,28.6,31
2024-12-13 18:27:57,28.6,31.1
2024-12-13 18:27:59,28.6,31
2024-12-13 18:28:01,28.6,31
2024-12-13 18:28:04,28.6,31
2024-12-13 18:28:06,28.6,31.1
2024-12-13 18:28:08,28.5,31.1
2024-12-13 18:28:10,28.5,31.2
2024-12-13 18:28:12,28.5,31.2
2024-12-13 18:28:14,28.5,31.3
2024-12-13 18:28:16,28.5,31.3
2024-12-13 18:28:18,28.5,31.3
2024-12-13 18:28:20,28.5,31.2
2024-12-13 18:28:23,28.5,31.2
2024-12-13 18:28:25,28.4,31.2
2024-12-13 18:28:27,28.4,31.1
2024-12-13 18:28:29,28.4,31.1
2024-12-13 18:28:31,28.4,31.1
2024-12-13 18:28:33,28.4,31.1
2024-12-13 18:28:35,28.4,31.2
2024-12-13 18:28:37,28.4,31.2
2024-12-13 18:28:39,28.3,31.2
2024-12-13 18:28:42,28.4,31.2
2024-12-13 18:28:44,28.3,31.2
2024-12-13 18:28:46,28.3,31.2
2024-12-13 18:28:48,28.3,31.3
2024-12-13 18:28:50,28.3,31.2
2024-12-13 18:28:52,28.3,31.3
2024-12-13 18:28:54,28.3,31.3
2024-12-13 18:28:56,28.3,31.3
2024-12-13 18:28:58,28.3,31.5
2024-12-13 18:29:01,28.2,31.5
2024-12-13 18:29:03,28.3,31.6
2024-12-13 18:29:05,28.2,31.5
2024-12-13 18:29:07,28.2,31.5
2024-12-13 18:29:09,28.2,31.5
2024-12-13 18:29:11,28.2,31.5
2024-12-13 18:29:13,28.2,31.4
2024-12-13 18:29:15,28.2,31.5
2024-12-13 18:29:17,28.2,31.6
2024-12-13 18:29:19,28.1,31.6
2024-12-13 18:29:22,28.1,31.6
2024-12-13 18:29:24,28.1,31.6
2024-12-13 18:29:26,28.1,31.6
2024-12-13 18:29:28,28.1,31.6
2024-12-13 18:29:30,28.1,31.6
2024-12-13 18:29:32,28.1,31.6
2024-12-13 18:29:34,28.1,31.6
2024-12-13 18:29:36,28.1,31.6
2024-12-13 18:29:38,28,31.7
2024-12-13 18:29:41,28,31.7
2024-12-13 18:29:43,28,31.7
2024-12-13 18:29:45,28,31.7
2024-12-13 18:29:47,28,31.6
2024-12-13 18:29:49,28,31.6
2024-12-13 18:29:51,28,31.6
2024-12-13 18:29:53,28,31.6
2024-12-13 18:29:55,27.9,31.6
2024-12-13 18:29:57,28,31.6
2024-12-13 18:30:00,27.9,31.5
2024-12-13 18:30:02,27.9,31.6
2024-12-13 18:30:04,27.9,31.6
2024-12-13 18:30:06,27.9,31.7
2024-12-13 18:30:08,27.9,31.6
2024-12-13 18:30:10,27.9,31.7
2024-12-13 18:30:12,27.9,31.7
2024-12-13 18:30:14,27.8,31.7
2024-12-13 18:30:16,27.8,31.7
2024-12-13 18:30:18,27.8,31.8
2024-12-13 18:30:21,27.8,31.8
2024-12-13 18:30:23,27.8,31.8
2024-12-13 18:30:25,27.8,31.7
2024-12-13 18:30:27,27.8,31.7
2024-12-13 18:30:29,27.8,31.9
2024-12-13 18:30:31,27.8,31.8
2024-12-13 18:30:33,27.8,31.8
2024-12-13 18:30:35,27.8,31.9
2024-12-13 18:30:37,27.7,31.9
2024-12-13 18:30:40,27.7,31.9
2024-12-13 18:30:42,27.7,31.9
2024-12-13 18:30:44,27.7,32
2024-12-13 18:30:46,27.7,31.9
2024-12-13 18:30:48,27.7,31.9
2024-12-13 18:30:50,27.7,32
2024-12-13 18:30:52,27.7,31.8
2024-12-13 18:30:54,27.7,31.9
2024-12-13 18:30:56,27.6,31.9
2024-12-13 18:30:59,27.6,31.9
2024-12-13 18:31:01,27.6,32
2024-12-13 18:31:03,27.6,32
2024-12-13 18:31:05,27.6,32
2024-12-13 18:31:07,27.6,32
2024-12-13 18:31:09,27.6,32
2024-12-13 18:31:11,27.6,32
2024-12-13 18:31:13,27.5,31.9
2024-12-13 18:31:15,27.6,32
2024-12-13 18:31:17,27.5,32.1
2024-12-13 18:31:20,27.5,32.1
2024-12-13 18:31:22,27.5,32.1
2024-12-13 18:31:24,27.5,32.1
2024-12-13 18:31:26,27.5,32.2
2024-12-13 18:31:28,27.5,32.1
2024-12-13 18:31:30,27.5,32.2
2024-12-13 18:31:32,27.5,32.1
2024-12-13 18:31:34,27.4,32.1
2024-12-13 18:31:36,27.4,32.1
2024-12-13 18:31:39,27.5,32.1
2024-12-13 18:31:41,27.4,32
2024-12-13 18:31:43,27.4,32
