Timestamp,Sensor1_Temperature,Sensor1_Humidity
2024-12-09 19:59:50,20.1,33.4
2024-12-09 19:59:51,20,33.8
2024-12-09 19:59:52,20,34.4
2024-12-09 19:59:54,20,34.9
2024-12-09 19:59:56,20,35.2
2024-12-09 19:59:57,20,35.2
2024-12-09 19:59:59,20,35.5
2024-12-09 20:00:00,20,35.5
2024-12-09 20:00:02,20,36.2
2024-12-09 20:00:04,20,36.9
2024-12-09 20:00:05,20,36.9
2024-12-09 20:00:07,20,38.5
2024-12-09 20:00:09,20,39.5
2024-12-09 20:00:11,20,40.7
2024-12-09 20:00:14,20,41.8
2024-12-09 20:00:16,20,42.9
2024-12-09 20:00:18,20,44
2024-12-09 20:00:20,20,45.3
2024-12-09 20:00:22,20,46.6
2024-12-09 20:00:24,19.9,47.9
2024-12-09 20:00:26,19.9,49.3
2024-12-09 20:00:28,19.9,50.7
2024-12-09 20:00:30,19.9,52
2024-12-09 20:00:33,19.9,53.4
2024-12-09 20:00:35,20,54.7
2024-12-09 20:00:37,20,55.9
2024-12-09 20:00:39,20,57.3
2024-12-09 20:00:41,20,58.4
2024-12-09 20:00:43,20,59.5
2024-12-09 20:00:45,20,60.7
2024-12-09 20:00:47,20,61.8
2024-12-09 20:00:49,20,62.8
2024-12-09 20:00:51,20.1,63.8
2024-12-09 20:00:54,20.1,64.6
2024-12-09 20:00:56,20.1,65.3
2024-12-09 20:00:58,20.1,66.2
2024-12-09 20:01:00,20.2,66.9
2024-12-09 20:01:02,20.2,67.7
2024-12-09 20:01:04,20.2,68.3
2024-12-09 20:01:06,20.3,69
2024-12-09 20:01:08,20.3,69.5
2024-12-09 20:01:10,20.3,70.1
2024-12-09 20:01:13,20.4,70.6
2024-12-09 20:01:15,20.4,71.1
2024-12-09 20:01:17,20.5,71.5
2024-12-09 20:01:19,20.5,71.8
2024-12-09 20:01:21,20.5,72.3
2024-12-09 20:01:23,20.6,72.6
2024-12-09 20:01:25,20.6,72.9
2024-12-09 20:01:27,20.7,73.3
2024-12-09 20:01:29,20.7,73.6
2024-12-09 20:01:32,20.8,73.9
2024-12-09 20:01:34,20.8,74.1
2024-12-09 20:01:36,20.9,74.1
2024-12-09 20:01:38,20.9,74.3
2024-12-09 20:01:40,21,74.4
2024-12-09 20:01:42,21,74.5
2024-12-09 20:01:44,21.1,74.6
2024-12-09 20:01:46,21.1,74.5
2024-12-09 20:01:48,21.2,74.6
2024-12-09 20:01:51,21.2,74.6
2024-12-09 20:01:53,21.3,74.7
2024-12-09 20:01:55,21.3,74.7
2024-12-09 20:01:57,21.4,74.7
2024-12-09 20:01:59,21.4,74.5
2024-12-09 20:02:01,21.5,74.4
2024-12-09 20:02:03,21.5,74.3
2024-12-09 20:02:05,21.6,74.2
2024-12-09 20:02:07,21.6,74.2
2024-12-09 20:02:09,21.7,74.3
2024-12-09 20:02:12,21.7,74.2
2024-12-09 20:02:14,21.8,74.1
2024-12-09 20:02:16,21.8,74.1
2024-12-09 20:02:18,21.9,73.9
2024-12-09 20:02:20,21.9,73.8
2024-12-09 20:02:22,22,73.7
2024-12-09 20:02:24,22,73.5
2024-12-09 20:02:26,22.1,73.3
2024-12-09 20:02:28,22.1,73.2
2024-12-09 20:02:31,22.2,73.1
2024-12-09 20:02:33,22.2,73.1
2024-12-09 20:02:35,22.3,73
2024-12-09 20:02:37,22.3,73.1
2024-12-09 20:02:39,22.4,73
2024-12-09 20:02:41,22.4,72.8
2024-12-09 20:02:43,22.5,72.6
2024-12-09 20:02:45,22.5,72.5
2024-12-09 20:02:47,22.6,72.2
2024-12-09 20:02:50,22.6,72
2024-12-09 20:02:52,22.6,71.7
2024-12-09 20:02:54,22.7,71.7
2024-12-09 20:02:56,22.7,71.6
2024-12-09 20:02:58,22.8,71.5
2024-12-09 20:03:00,22.9,71.5
2024-12-09 20:03:02,22.9,71.3
2024-12-09 20:03:04,22.9,71.2
2024-12-09 20:03:06,23,70.9
2024-12-09 20:03:08,23,70.6
2024-12-09 20:03:11,23.1,70.3
2024-12-09 20:03:13,23.1,70.1
2024-12-09 20:03:15,23.2,69.8
2024-12-09 20:03:17,23.2,69.6
2024-12-09 20:03:19,23.3,69.2
2024-12-09 20:03:21,23.3,68.9
2024-12-09 20:03:23,23.3,68.7
2024-12-09 20:03:25,23.4,68.5
2024-12-09 20:03:27,23.5,68.3
2024-12-09 20:03:30,23.5,68.1
2024-12-09 20:03:32,23.6,67.9
2024-12-09 20:03:34,23.6,67.6
2024-12-09 20:03:36,23.7,67.5
2024-12-09 20:03:38,23.7,67.3
2024-12-09 20:03:40,23.8,67.1
2024-12-09 20:03:42,23.8,66.9
2024-12-09 20:03:44,23.9,66.6
2024-12-09 20:03:46,23.9,66.4
2024-12-09 20:03:49,24,66.2
2024-12-09 20:03:51,24,65.9
2024-12-09 20:03:53,24.1,65.8
2024-12-09 20:03:55,24.1,65.6
2024-12-09 20:03:57,24.1,65.5
2024-12-09 20:03:59,24.2,65.3
2024-12-09 20:04:01,24.2,65.1
2024-12-09 20:04:03,24.2,64.9
2024-12-09 20:04:05,24.3,64.6
2024-12-09 20:04:07,24.3,64.5
2024-12-09 20:04:10,24.4,64.4
2024-12-09 20:04:12,24.4,64.1
2024-12-09 20:04:14,24.5,64
2024-12-09 20:04:16,24.5,63.7
2024-12-09 20:04:18,24.5,63.4
2024-12-09 20:04:20,24.6,63.4
2024-12-09 20:04:22,24.6,63.1
2024-12-09 20:04:24,24.7,62.8
2024-12-09 20:04:26,24.7,62.6
2024-12-09 20:04:29,24.7,62.4
2024-12-09 20:04:31,24.7,62.4
2024-12-09 20:04:33,24.8,62.2
2024-12-09 20:04:35,24.8,62
2024-12-09 20:04:37,24.9,61.8
2024-12-09 20:04:39,24.9,61.6
2024-12-09 20:04:41,24.9,61.4
2024-12-09 20:04:43,25.1,61.3
2024-12-09 20:04:45,25.1,61.2
2024-12-09 20:04:48,25.1,61
2024-12-09 20:04:50,25.2,60.8
2024-12-09 20:04:52,25.2,60.6
2024-12-09 20:04:54,25.2,60.4
2024-12-09 20:04:56,25.3,60.2
2024-12-09 20:04:58,25.3,60.1
2024-12-09 20:05:00,25.3,59.9
2024-12-09 20:05:02,25.4,59.8
2024-12-09 20:05:04,25.4,59.6
2024-12-09 20:05:06,25.5,59.5
2024-12-09 20:05:09,25.5,59.3
2024-12-09 20:05:11,25.5,59.2
2024-12-09 20:05:13,25.6,58.9
2024-12-09 20:05:15,25.6,58.7
2024-12-09 20:05:17,25.7,58.5
2024-12-09 20:05:19,25.7,58.4
2024-12-09 20:05:21,25.7,58.2
2024-12-09 20:05:23,25.8,58.1
2024-12-09 20:05:25,25.8,57.9
2024-12-09 20:05:28,25.9,57.6
2024-12-09 20:05:30,25.9,57.5
2024-12-09 20:05:32,25.9,57.3
2024-12-09 20:05:34,26,57.1
2024-12-09 20:05:36,26,56.9
2024-12-09 20:05:38,26.1,56.7
2024-12-09 20:05:40,26.1,56.6
2024-12-09 20:05:42,26.1,56.5
2024-12-09 20:05:44,26.2,56.3
2024-12-09 20:05:47,26.2,56.1
2024-12-09 20:05:49,26.2,56
2024-12-09 20:05:51,26.3,55.8
2024-12-09 20:05:53,26.3,55.5
2024-12-09 20:05:55,26.4,55.3
2024-12-09 20:05:57,26.4,55
2024-12-09 20:05:59,26.5,54.9
2024-12-09 20:06:01,26.5,54.6
2024-12-09 20:06:03,26.5,54.5
2024-12-09 20:06:05,26.6,54.3
2024-12-09 20:06:08,26.6,54.1
2024-12-09 20:06:10,26.7,54
2024-12-09 20:06:12,26.7,53.8
2024-12-09 20:06:14,26.7,53.5
2024-12-09 20:06:16,26.7,53.4
2024-12-09 20:06:18,26.8,53.2
2024-12-09 20:06:20,26.8,53
2024-12-09 20:06:22,26.9,52.8
2024-12-09 20:06:24,26.9,52.7
2024-12-09 20:06:27,27,52.5
2024-12-09 20:06:29,27,52.4
2024-12-09 20:06:31,27,52.2
2024-12-09 20:06:33,27.1,52
2024-12-09 20:06:35,27.1,51.8
2024-12-09 20:06:37,27.2,51.5
2024-12-09 20:06:39,27.2,51.3
2024-12-09 20:06:41,27.3,51.1
2024-12-09 20:06:43,27.3,50.9
2024-12-09 20:06:46,27.3,50.7
2024-12-09 20:06:48,27.3,50.6
2024-12-09 20:06:50,27.4,50.4
2024-12-09 20:06:52,27.4,50.2
2024-12-09 20:06:54,27.5,50.1
2024-12-09 20:06:56,27.5,49.7
2024-12-09 20:06:58,27.6,49.5
2024-12-09 20:07:00,27.6,49.4
2024-12-09 20:07:02,27.6,49.2
2024-12-09 20:07:04,27.7,49.1
2024-12-09 20:07:07,27.7,48.9
2024-12-09 20:07:09,27.7,48.8
2024-12-09 20:07:11,27.8,48.6
2024-12-09 20:07:13,27.8,48.4
2024-12-09 20:07:15,27.9,48.1
2024-12-09 20:07:17,27.9,47.9
2024-12-09 20:07:19,27.9,47.6
2024-12-09 20:07:21,27.9,47.4
2024-12-09 20:07:23,28,47.2
2024-12-09 20:07:26,28,46.9
2024-12-09 20:07:28,28.1,46.9
2024-12-09 20:07:30,28.1,46.7
2024-12-09 20:07:32,28.2,46.5
2024-12-09 20:07:34,28.2,46.3
2024-12-09 20:07:36,28.2,46
2024-12-09 20:07:38,28.2,45.9
2024-12-09 20:07:40,28.3,45.8
2024-12-09 20:07:42,28.3,45.6
2024-12-09 20:07:45,28.4,45.4
2024-12-09 20:07:47,28.4,45.3
2024-12-09 20:07:49,28.5,45.2
2024-12-09 20:07:51,28.5,44.9
2024-12-09 20:07:53,28.5,44.7
2024-12-09 20:07:55,28.6,44.7
2024-12-09 20:07:57,28.6,44.4
2024-12-09 20:07:59,28.6,44.3
2024-12-09 20:08:01,28.7,44.2
2024-12-09 20:08:03,28.7,44
2024-12-09 20:08:06,28.7,43.8
2024-12-09 20:08:08,28.8,43.7
2024-12-09 20:08:10,28.8,43.5
2024-12-09 20:08:12,28.9,43.3
2024-12-09 20:08:14,28.9,43
2024-12-09 20:08:16,29,42.8
2024-12-09 20:08:18,29,42.6
2024-12-09 20:08:20,29,42.5
2024-12-09 20:08:22,29.1,42.3
2024-12-09 20:08:25,29.1,42.3
2024-12-09 20:08:27,29.2,42.1
2024-12-09 20:08:29,29.2,41.9
2024-12-09 20:08:31,29.2,41.7
2024-12-09 20:08:33,29.3,41.4
2024-12-09 20:08:35,29.3,41.2
2024-12-09 20:08:37,29.3,41
2024-12-09 20:08:39,29.4,40.9
2024-12-09 20:08:41,29.4,40.7
2024-12-09 20:08:44,29.4,40.5
2024-12-09 20:08:46,29.5,40.3
2024-12-09 20:08:48,29.5,40.1
2024-12-09 20:08:50,29.6,40
2024-12-09 20:08:52,29.6,39.8
2024-12-09 20:08:54,29.7,39.6
2024-12-09 20:08:56,29.7,39.3
2024-12-09 20:08:58,29.7,39.1
2024-12-09 20:09:00,29.8,39
2024-12-09 20:09:02,29.8,38.8
2024-12-09 20:09:05,29.9,38.7
2024-12-09 20:09:07,29.9,38.4
2024-12-09 20:09:09,29.9,38.3
2024-12-09 20:09:11,30,38
2024-12-09 20:09:13,30,37.8
2024-12-09 20:09:15,30,37.7
2024-12-09 20:09:17,30.1,37.6
2024-12-09 20:09:19,30.1,37.3
2024-12-09 20:09:21,30.1,37.2
2024-12-09 20:09:24,30.2,37.1
2024-12-09 20:09:26,30.2,36.9
2024-12-09 20:09:28,30.2,36.7
2024-12-09 20:09:30,30.3,36.5
2024-12-09 20:09:32,30.3,36.4
2024-12-09 20:09:34,30.3,36.2
2024-12-09 20:09:36,30.4,36.1
2024-12-09 20:09:38,30.4,35.9
2024-12-09 20:09:40,30.5,35.8
2024-12-09 20:09:43,30.5,35.6
2024-12-09 20:09:45,30.5,35.4
2024-12-09 20:09:47,30.6,35.4
2024-12-09 20:09:49,30.6,35.2
2024-12-09 20:09:51,30.7,35.1
2024-12-09 20:09:53,30.7,35
2024-12-09 20:09:55,30.8,34.8
2024-12-09 20:09:57,30.8,34.7
2024-12-09 20:09:59,30.9,34.5
2024-12-09 20:10:02,30.9,34.3
2024-12-09 20:10:04,30.9,34.3
2024-12-09 20:10:06,30.9,34.1
2024-12-09 20:10:08,31,34.1
2024-12-09 20:10:10,31,33.8
2024-12-09 20:10:12,31.1,33.7
2024-12-09 20:10:14,31.1,33.4
2024-12-09 20:10:16,31.2,33.3
2024-12-09 20:10:18,31.2,33.1
2024-12-09 20:10:20,31.3,32.9
2024-12-09 20:10:23,31.2,32.7
2024-12-09 20:10:25,31.3,32.6
2024-12-09 20:10:27,31.3,32.5
2024-12-09 20:10:29,31.4,32.3
2024-12-09 20:10:31,31.4,32.2
2024-12-09 20:10:33,31.5,32.1
2024-12-09 20:10:35,31.5,32
2024-12-09 20:10:37,31.5,31.7
2024-12-09 20:10:39,31.6,31.7
2024-12-09 20:10:42,31.6,31.4
2024-12-09 20:10:44,31.7,31.3
2024-12-09 20:10:46,31.7,31.2
2024-12-09 20:10:48,31.8,31.1
2024-12-09 20:10:50,31.8,31
2024-12-09 20:10:52,31.8,30.9
2024-12-09 20:10:54,31.8,30.8
2024-12-09 20:10:56,31.9,30.6
2024-12-09 20:10:58,31.9,30.5
2024-12-09 20:11:01,32,30.3
2024-12-09 20:11:03,32,30.2
2024-12-09 20:11:05,32,30
2024-12-09 20:11:07,32.1,29.9
2024-12-09 20:11:09,32.2,29.8
2024-12-09 20:11:11,32.1,29.6
2024-12-09 20:11:13,32.2,29.5
2024-12-09 20:11:15,32.2,29.3
2024-12-09 20:11:17,32.3,29.2
2024-12-09 20:11:19,32.3,29
2024-12-09 20:11:22,32.4,28.8
2024-12-09 20:11:24,32.4,28.8
2024-12-09 20:11:26,32.5,28.7
2024-12-09 20:11:28,32.5,28.6
2024-12-09 20:11:30,32.5,28.6
2024-12-09 20:11:32,32.5,28.4
2024-12-09 20:11:34,32.6,28.2
2024-12-09 20:11:36,32.6,28
2024-12-09 20:11:38,32.7,27.8
2024-12-09 20:11:41,32.7,27.9
2024-12-09 20:11:43,32.8,27.8
2024-12-09 20:11:45,32.8,27.7
2024-12-09 20:11:47,32.8,27.6
2024-12-09 20:11:49,32.8,27.5
2024-12-09 20:11:51,32.9,27.4
2024-12-09 20:11:53,32.9,27.2
2024-12-09 20:11:55,33,27.1
2024-12-09 20:11:57,33,26.9
2024-12-09 20:12:00,33,26.8
2024-12-09 20:12:02,33.1,26.8
2024-12-09 20:12:04,33.1,26.6
2024-12-09 20:12:06,33.2,26.5
2024-12-09 20:12:08,33.2,26.3
2024-12-09 20:12:10,33.2,26.3
2024-12-09 20:12:12,33.3,26.2
2024-12-09 20:12:14,33.3,26
2024-12-09 20:12:16,33.3,25.9
2024-12-09 20:12:18,33.4,25.9
2024-12-09 20:12:21,33.5,25.8
2024-12-09 20:12:23,33.4,25.7
2024-12-09 20:12:25,33.5,25.6
2024-12-09 20:12:27,33.5,25.5
2024-12-09 20:12:29,33.6,25.4
2024-12-09 20:12:31,33.6,25.2
2024-12-09 20:12:33,33.6,25.1
2024-12-09 20:12:35,33.7,24.9
2024-12-09 20:12:37,33.7,24.9
2024-12-09 20:12:40,33.7,24.7
2024-12-09 20:12:42,33.8,24.5
2024-12-09 20:12:44,33.8,24.4
2024-12-09 20:12:46,33.9,24.3
2024-12-09 20:12:48,33.9,24.4
2024-12-09 20:12:50,33.9,24.3
2024-12-09 20:12:52,33.9,24.1
2024-12-09 20:12:54,34,24
2024-12-09 20:12:56,34,23.8
2024-12-09 20:12:58,34,23.8
2024-12-09 20:13:01,34.1,23.7
2024-12-09 20:13:03,34.1,23.6
2024-12-09 20:13:05,34.2,23.6
2024-12-09 20:13:07,34.2,23.5
2024-12-09 20:13:09,34.3,23.2
2024-12-09 20:13:11,34.3,23.1
2024-12-09 20:13:13,34.3,23.1
2024-12-09 20:13:15,34.3,23.1
2024-12-09 20:13:17,34.4,22.9
2024-12-09 20:13:20,34.4,22.8
2024-12-09 20:13:22,34.5,22.8
2024-12-09 20:13:24,34.4,22.5
2024-12-09 20:13:26,34.5,22.6
2024-12-09 20:13:28,34.5,22.5
2024-12-09 20:13:30,34.6,22.4
2024-12-09 20:13:32,34.6,22.5
2024-12-09 20:13:34,34.6,22.3
2024-12-09 20:13:36,34.6,22.2
2024-12-09 20:13:39,34.7,22.1
2024-12-09 20:13:41,34.7,22
2024-12-09 20:13:43,34.8,21.8
2024-12-09 20:13:45,34.7,21.8
2024-12-09 20:13:47,34.8,21.8
2024-12-09 20:13:49,34.8,21.7
2024-12-09 20:13:51,34.9,22
2024-12-09 20:13:53,34.9,21.5
2024-12-09 20:13:55,34.9,21.4
2024-12-09 20:13:58,34.9,21.4
2024-12-09 20:14:00,35,21.3
2024-12-09 20:14:02,35,21.3
2024-12-09 20:14:04,35.1,21.2
2024-12-09 20:14:06,35,21.1
2024-12-09 20:14:08,35.1,21
2024-12-09 20:14:10,35.1,20.8
2024-12-09 20:14:12,35.1,20.8
2024-12-09 20:14:14,35.2,21.3
2024-12-09 20:14:16,35.3,20.7
2024-12-09 20:14:19,35.3,20.7
2024-12-09 20:14:21,35.3,20.7
2024-12-09 20:14:23,35.3,20.5
2024-12-09 20:14:25,35.4,20.4
2024-12-09 20:14:27,35.4,20.5
2024-12-09 20:14:29,35.5,20.3
2024-12-09 20:14:31,35.4,20.2
2024-12-09 20:14:33,35.5,20.2
2024-12-09 20:14:35,35.5,20.7
2024-12-09 20:14:38,35.6,20
2024-12-09 20:14:40,35.6,20
2024-12-09 20:14:42,35.7,20.5
2024-12-09 20:14:44,35.7,19.8
2024-12-09 20:14:46,35.7,20.4
2024-12-09 20:14:48,35.7,20.2
2024-12-09 20:14:50,35.8,19.6
2024-12-09 20:14:52,35.8,19.7
2024-12-09 20:14:54,35.8,19.9
2024-12-09 20:14:57,35.9,19.9
2024-12-09 20:14:59,35.9,19.7
2024-12-09 20:15:01,35.9,19.6
2024-12-09 20:15:03,35.9,19.4
2024-12-09 20:15:05,36,19.3
2024-12-09 20:15:07,36,19.3
2024-12-09 20:15:09,36,19.2
2024-12-09 20:15:11,36,19.3
2024-12-09 20:15:13,36.1,19.5
2024-12-09 20:15:15,36.1,19
2024-12-09 20:15:18,36.2,19
2024-12-09 20:15:20,36.2,19
2024-12-09 20:15:22,36.2,18.8
2024-12-09 20:15:24,36.2,19
2024-12-09 20:15:26,36.2,18.8
2024-12-09 20:15:28,36.3,18.7
2024-12-09 20:15:30,36.3,18.8
2024-12-09 20:15:32,36.3,18.8
2024-12-09 20:15:34,36.4,18.6
2024-12-09 20:15:37,36.4,18.4
2024-12-09 20:15:39,36.4,18.5
2024-12-09 20:15:41,36.4,18.5
2024-12-09 20:15:43,36.4,18.3
2024-12-09 20:15:45,36.5,18.4
2024-12-09 20:15:47,36.5,18.7
2024-12-09 20:15:49,36.5,18.5
2024-12-09 20:15:51,36.5,18.5
2024-12-09 20:15:53,36.6,18.3
2024-12-09 20:15:56,36.6,18.2
2024-12-09 20:15:58,36.6,18.2
2024-12-09 20:16:00,36.6,18.2
2024-12-09 20:16:02,36.7,18.1
2024-12-09 20:16:04,36.7,18
2024-12-09 20:16:06,36.7,17.9
2024-12-09 20:16:08,36.8,17.8
2024-12-09 20:16:10,36.7,17.7
2024-12-09 20:16:12,36.8,17.7
2024-12-09 20:16:14,36.8,17.7
2024-12-09 20:16:17,36.8,17.7
2024-12-09 20:16:19,36.8,17.6
2024-12-09 20:16:21,36.9,17.5
2024-12-09 20:16:23,36.9,17.5
2024-12-09 20:16:25,36.9,17.5
2024-12-09 20:16:27,37,17.4
2024-12-09 20:16:29,37,17.5
2024-12-09 20:16:31,37,17.3
2024-12-09 20:16:33,37,17.3
2024-12-09 20:16:36,37,17.2
2024-12-09 20:16:38,37.1,17.3
2024-12-09 20:16:40,37.1,17.3
2024-12-09 20:16:42,37.1,17.1
2024-12-09 20:16:44,37.2,17.2
2024-12-09 20:16:46,37.2,17.1
2024-12-09 20:16:48,37.2,17.1
2024-12-09 20:16:50,37.2,17.1
2024-12-09 20:16:52,37.3,17
2024-12-09 20:16:55,37.3,17
2024-12-09 20:16:57,37.3,16.9
2024-12-09 20:16:59,37.3,16.9
2024-12-09 20:17:01,37.4,16.8
2024-12-09 20:17:03,37.4,16.7
2024-12-09 20:17:05,37.4,16.7
2024-12-09 20:17:07,37.5,16.7
2024-12-09 20:17:09,37.4,16.6
2024-12-09 20:17:11,37.5,16.6
2024-12-09 20:17:13,37.5,16.5
2024-12-09 20:17:16,37.5,16.5
2024-12-09 20:17:18,37.6,16.4
2024-12-09 20:17:20,37.5,16.4
2024-12-09 20:17:22,37.6,16.4
2024-12-09 20:17:24,37.6,16.4
2024-12-09 20:17:26,37.7,16.4
2024-12-09 20:17:28,37.7,16.2
2024-12-09 20:17:30,37.7,16.3
2024-12-09 20:17:32,37.7,16.3
2024-12-09 20:17:35,37.7,16.3
2024-12-09 20:17:37,37.8,16.2
2024-12-09 20:17:39,37.8,16.2
2024-12-09 20:17:41,37.8,16.2
2024-12-09 20:17:43,37.8,16.2
2024-12-09 20:17:45,37.9,16.1
2024-12-09 20:17:47,37.9,16.1
2024-12-09 20:17:49,37.9,16.1
2024-12-09 20:17:51,38,16
2024-12-09 20:17:54,37.9,16
2024-12-09 20:17:56,38,15.9
2024-12-09 20:17:58,38,15.9
2024-12-09 20:18:00,38,15.8
2024-12-09 20:18:02,38.1,15.8
2024-12-09 20:18:04,38,15.7
2024-12-09 20:18:06,38.1,15.7
2024-12-09 20:18:08,38.1,15.8
2024-12-09 20:18:10,38.1,15.8
2024-12-09 20:18:12,38.1,15.7
2024-12-09 20:18:15,38.1,15.6
2024-12-09 20:18:17,38.2,15.6
2024-12-09 20:18:19,38.1,15.6
2024-12-09 20:18:21,38.2,15.5
2024-12-09 20:18:23,38.2,15.5
2024-12-09 20:18:25,38.3,15.4
2024-12-09 20:18:27,38.3,15.4
2024-12-09 20:18:29,38.3,15.4
2024-12-09 20:18:31,38.3,15.3
2024-12-09 20:18:34,38.3,15.2
2024-12-09 20:18:36,38.4,15.2
2024-12-09 20:18:38,38.4,15.3
2024-12-09 20:18:40,38.4,15.3
2024-12-09 20:18:42,38.4,15.2
2024-12-09 20:18:44,38.4,15.2
2024-12-09 20:18:46,38.4,15.1
2024-12-09 20:18:48,38.4,15.2
2024-12-09 20:18:50,38.5,15.1
2024-12-09 20:18:53,38.5,15
2024-12-09 20:18:55,38.5,15
2024-12-09 20:18:57,38.5,15
2024-12-09 20:18:59,38.6,14.9
2024-12-09 20:19:01,38.5,14.9
2024-12-09 20:19:03,38.6,14.9
2024-12-09 20:19:05,38.6,14.9
2024-12-09 20:19:07,38.6,14.8
2024-12-09 20:19:09,38.6,14.8
2024-12-09 20:19:11,38.7,14.8
2024-12-09 20:19:14,38.7,14.7
2024-12-09 20:19:16,38.7,14.6
2024-12-09 20:19:18,38.7,14.6
2024-12-09 20:19:20,38.7,14.6
2024-12-09 20:19:22,38.8,14.7
2024-12-09 20:19:24,38.8,14.5
2024-12-09 20:19:26,38.8,14.5
2024-12-09 20:19:28,38.8,14.5
2024-12-09 20:19:30,38.8,14.6
2024-12-09 20:19:33,38.9,14.5
2024-12-09 20:19:35,38.9,14.4
2024-12-09 20:19:37,38.9,14.4
2024-12-09 20:19:39,38.9,14.4
2024-12-09 20:19:41,39,14.4
2024-12-09 20:19:43,39,14.2
2024-12-09 20:19:45,39,14.1
2024-12-09 20:19:47,39,14
2024-12-09 20:19:49,39.1,14.1
2024-12-09 20:19:52,39.1,14
2024-12-09 20:19:54,39.1,13.9
2024-12-09 20:19:56,39.1,14
2024-12-09 20:19:58,39.1,14
2024-12-09 20:20:00,39.1,14
2024-12-09 20:20:02,39.2,13.9
2024-12-09 20:20:04,39.2,13.9
2024-12-09 20:20:06,39.2,13.9
2024-12-09 20:20:08,39.2,13.9
2024-12-09 20:20:10,39.2,13.9
2024-12-09 20:20:13,39.3,13.9
2024-12-09 20:20:15,39.3,13.9
2024-12-09 20:20:17,39.3,13.8
2024-12-09 20:20:19,39.4,13.8
2024-12-09 20:20:21,39.4,13.8
2024-12-09 20:20:23,39.4,13.8
2024-12-09 20:20:25,39.4,13.8
2024-12-09 20:20:27,39.4,13.6
2024-12-09 20:20:29,39.4,13.6
2024-12-09 20:20:32,39.5,13.5
2024-12-09 20:20:34,39.5,13.5
2024-12-09 20:20:36,39.5,13.4
2024-12-09 20:20:38,39.5,13.5
2024-12-09 20:20:40,39.6,13.5
2024-12-09 20:20:42,39.5,13.4
2024-12-09 20:20:44,39.6,13.4
2024-12-09 20:20:46,39.6,13.4
2024-12-09 20:20:48,39.6,13.3
2024-12-09 20:20:51,39.6,13.3
2024-12-09 20:20:53,39.7,13.2
2024-12-09 20:20:55,39.6,13.2
2024-12-09 20:20:57,39.7,13.2
2024-12-09 20:20:59,39.7,13.1
2024-12-09 20:21:01,39.7,13.1
2024-12-09 20:21:03,39.7,13.1
2024-12-09 20:21:05,39.7,13
2024-12-09 20:21:07,39.8,13
2024-12-09 20:21:09,39.8,13
2024-12-09 20:21:12,39.8,13
2024-12-09 20:21:14,39.8,13
2024-12-09 20:21:16,39.8,12.9
2024-12-09 20:21:18,39.9,12.9
2024-12-09 20:21:20,39.9,12.9
2024-12-09 20:21:22,39.9,12.9
2024-12-09 20:21:24,39.9,12.9
2024-12-09 20:21:26,39.9,12.8
2024-12-09 20:21:28,39.9,12.8
2024-12-09 20:21:31,39.9,12.8
2024-12-09 20:21:33,40,12.8
2024-12-09 20:21:35,39.9,12.8
2024-12-09 20:21:37,40,12.7
2024-12-09 20:21:39,40,12.7
2024-12-09 20:21:41,40,12.6
2024-12-09 20:21:43,40,12.5
2024-12-09 20:21:45,40,12.6
2024-12-09 20:21:47,40.1,12.6
2024-12-09 20:21:50,40.1,12.4
2024-12-09 20:21:52,40.1,12.4
2024-12-09 20:21:54,40.1,12.5
2024-12-09 20:21:56,40.1,12.4
2024-12-09 20:21:58,40.1,12.4
2024-12-09 20:22:00,40.1,12.4
2024-12-09 20:22:02,40.2,12.5
2024-12-09 20:22:04,40.2,12.4
2024-12-09 20:22:06,40.2,12.4
2024-12-09 20:22:08,40.2,12.3
2024-12-09 20:22:11,40.2,12.4
2024-12-09 20:22:13,40.2,12.3
2024-12-09 20:22:15,40.3,12.3
2024-12-09 20:22:17,40.3,12.2
2024-12-09 20:22:19,40.3,12.2
2024-12-09 20:22:21,40.3,12.1
2024-12-09 20:22:23,40.3,12.1
2024-12-09 20:22:25,40.3,12.2
2024-12-09 20:22:27,40.3,12.2
2024-12-09 20:22:30,40.4,12.1
2024-12-09 20:22:32,40.3,12
2024-12-09 20:22:34,40.4,12
2024-12-09 20:22:36,40.4,12
2024-12-09 20:22:38,40.4,12
2024-12-09 20:22:40,40.4,11.9
2024-12-09 20:22:42,40.4,12
2024-12-09 20:22:44,40.4,12
2024-12-09 20:22:46,40.5,11.9
2024-12-09 20:22:49,40.5,11.9
2024-12-09 20:22:51,40.5,11.9
2024-12-09 20:22:53,40.5,11.7
2024-12-09 20:22:55,40.5,11.8
2024-12-09 20:22:57,40.5,11.7
2024-12-09 20:22:59,40.5,11.8
2024-12-09 20:23:01,40.5,11.7
2024-12-09 20:23:03,40.5,11.6
2024-12-09 20:23:05,40.6,11.8
2024-12-09 20:23:07,40.5,11.7
2024-12-09 20:23:10,40.6,11.6
2024-12-09 20:23:12,40.6,11.6
2024-12-09 20:23:14,40.6,11.6
2024-12-09 20:23:16,40.6,11.6
2024-12-09 20:23:18,40.6,11.5
2024-12-09 20:23:20,40.6,11.5
2024-12-09 20:23:22,40.7,11.5
2024-12-09 20:23:24,40.6,11.6
2024-12-09 20:23:26,40.6,11.5
2024-12-09 20:23:29,40.7,11.4
2024-12-09 20:23:31,40.7,11.4
2024-12-09 20:23:33,40.7,11.5
2024-12-09 20:23:35,40.7,11.4
2024-12-09 20:23:37,40.7,11.4
2024-12-09 20:23:39,40.7,11.4
2024-12-09 20:23:41,40.7,11.4
2024-12-09 20:23:43,40.7,11.3
2024-12-09 20:23:45,40.8,11.3
2024-12-09 20:23:48,40.8,11.3
2024-12-09 20:23:50,40.8,11.2
2024-12-09 20:23:52,40.8,11.3
2024-12-09 20:23:54,40.8,11.3
2024-12-09 20:23:56,40.8,11.2
2024-12-09 20:23:58,40.9,11.3
2024-12-09 20:24:00,40.9,11.1
2024-12-09 20:24:02,40.9,11.1
2024-12-09 20:24:04,40.9,11.2
2024-12-09 20:24:06,40.9,11.2
2024-12-09 20:24:09,41,11
2024-12-09 20:24:11,40.9,11
2024-12-09 20:24:13,41,11
2024-12-09 20:24:15,41,10.9
2024-12-09 20:24:17,41,11
2024-12-09 20:24:19,41,10.9
2024-12-09 20:24:21,41,10.9
2024-12-09 20:24:23,41,11
2024-12-09 20:24:25,41.1,11
2024-12-09 20:24:28,41,11
2024-12-09 20:24:30,41,10.8
2024-12-09 20:24:32,41.1,10.9
2024-12-09 20:24:34,41.1,10.8
2024-12-09 20:24:36,41.1,10.8
2024-12-09 20:24:38,41.1,10.8
2024-12-09 20:24:40,41.1,10.7
2024-12-09 20:24:42,41.1,10.8
2024-12-09 20:24:44,41.1,10.7
2024-12-09 20:24:47,41.1,10.7
2024-12-09 20:24:49,41.2,10.7
2024-12-09 20:24:51,41.2,10.7
2024-12-09 20:24:53,41.2,10.7
2024-12-09 20:24:55,41.2,10.7
2024-12-09 20:24:57,41.2,10.7
2024-12-09 20:24:59,41.2,10.6
2024-12-09 20:25:01,41.2,10.6
2024-12-09 20:25:03,41.2,10.6
2024-12-09 20:25:05,41.3,10.5
2024-12-09 20:25:08,41.3,10.5
2024-12-09 20:25:10,41.3,10.6
2024-12-09 20:25:12,41.3,10.6
2024-12-09 20:25:14,41.3,10.5
2024-12-09 20:25:16,41.3,10.5
2024-12-09 20:25:18,41.3,10.5
2024-12-09 20:25:20,41.3,10.5
2024-12-09 20:25:22,41.4,10.5
2024-12-09 20:25:24,41.4,10.5
2024-12-09 20:25:27,41.4,10.4
2024-12-09 20:25:29,41.4,10.3
2024-12-09 20:25:31,41.4,10.3
2024-12-09 20:25:33,41.5,10.4
2024-12-09 20:25:35,41.4,10.4
2024-12-09 20:25:37,41.5,10.4
2024-12-09 20:25:39,41.5,10.3
2024-12-09 20:25:41,41.5,10.3
2024-12-09 20:25:43,41.5,10.4
2024-12-09 20:25:46,41.6,10.4
2024-12-09 20:25:48,41.6,10.3
2024-12-09 20:25:50,41.6,10.2
2024-12-09 20:25:52,41.6,10.2
2024-12-09 20:25:54,41.6,10.2
2024-12-09 20:25:56,41.6,10.2
2024-12-09 20:25:58,41.7,10.1
2024-12-09 20:26:00,41.6,10.2
2024-12-09 20:26:02,41.7,10.1
2024-12-09 20:26:04,41.7,10.1
2024-12-09 20:26:07,41.7,10
2024-12-09 20:26:09,41.7,10
2024-12-09 20:26:11,41.7,10.3
2024-12-09 20:26:13,41.7,10.6
2024-12-09 20:26:15,41.8,10.7
2024-12-09 20:26:17,41.7,10.6
2024-12-09 20:26:19,41.8,10.5
2024-12-09 20:26:21,41.7,10.4
2024-12-09 20:26:23,41.7,10.3
2024-12-09 20:26:26,41.7,10.1
2024-12-09 20:26:28,41.8,9.900001
2024-12-09 20:26:30,41.8,9.900001
2024-12-09 20:26:32,41.8,9.900001
2024-12-09 20:26:34,41.8,9.900001
2024-12-09 20:26:36,41.8,9.900001
2024-12-09 20:26:38,41.9,10
2024-12-09 20:26:40,41.9,10.3
2024-12-09 20:26:42,41.9,10.4
2024-12-09 20:26:45,41.9,10.4
2024-12-09 20:26:47,41.9,10.3
2024-12-09 20:26:49,41.9,10.2
2024-12-09 20:26:51,41.9,10.1
2024-12-09 20:26:53,41.9,10.1
2024-12-09 20:26:55,41.9,9.900001
2024-12-09 20:26:57,41.9,9.8
2024-12-09 20:26:59,41.9,9.8
2024-12-09 20:27:01,41.9,9.8
2024-12-09 20:27:04,41.9,9.7
2024-12-09 20:27:06,41.9,9.7
2024-12-09 20:27:08,41.9,9.6
2024-12-09 20:27:10,42,9.6
2024-12-09 20:27:12,42,9.6
2024-12-09 20:27:14,42,9.6
2024-12-09 20:27:16,41.9,9.6
2024-12-09 20:27:18,41.9,9.6
2024-12-09 20:27:20,42,9.6
2024-12-09 20:27:22,42,9.6
2024-12-09 20:27:25,42,9.6
2024-12-09 20:27:27,42,9.5
2024-12-09 20:27:29,42,9.400001
2024-12-09 20:27:31,42,9.5
2024-12-09 20:27:33,42,9.400001
2024-12-09 20:27:35,42,9.5
2024-12-09 20:27:37,42,9.5
2024-12-09 20:27:39,42.1,9.400001
2024-12-09 20:27:41,42,9.400001
2024-12-09 20:27:44,42.1,9.400001
2024-12-09 20:27:46,42.1,9.5
2024-12-09 20:27:48,42.1,9.400001
2024-12-09 20:27:50,42.1,9.400001
2024-12-09 20:27:52,42.1,9.400001
2024-12-09 20:27:54,42.1,9.400001
2024-12-09 20:27:56,42.1,9.400001
2024-12-09 20:27:58,42.1,9.3
2024-12-09 20:28:00,42.1,9.3
2024-12-09 20:28:03,42.1,9.400001
2024-12-09 20:28:05,42.1,9.3
2024-12-09 20:28:07,42.1,9.3
2024-12-09 20:28:09,42.1,9.3
2024-12-09 20:28:11,42.2,9.3
2024-12-09 20:28:13,42.1,9.3
2024-12-09 20:28:15,42.2,9.2
2024-12-09 20:28:17,42.1,9.3
2024-12-09 20:28:19,42.2,9.3
2024-12-09 20:28:21,42.1,9.3
2024-12-09 20:28:24,42.2,9.3
2024-12-09 20:28:26,42.2,9.2
2024-12-09 20:28:28,42.2,9.2
2024-12-09 20:28:30,42.2,9.3
2024-12-09 20:28:32,42.2,9.2
2024-12-09 20:28:34,42.2,9.2
2024-12-09 20:28:36,42.3,9.2
2024-12-09 20:28:38,42.2,9.1
2024-12-09 20:28:40,42.3,9.1
2024-12-09 20:28:43,42.2,9.2
2024-12-09 20:28:45,42.3,9.1
2024-12-09 20:28:47,42.3,9.1
2024-12-09 20:28:49,42.3,9.1
2024-12-09 20:28:51,42.3,9.1
2024-12-09 20:28:53,42.3,9.1
2024-12-09 20:28:55,42.3,9
2024-12-09 20:28:57,42.4,9
2024-12-09 20:28:59,42.4,9
2024-12-09 20:29:02,42.4,9
2024-12-09 20:29:04,42.4,8.900001
2024-12-09 20:29:06,42.4,8.900001
2024-12-09 20:29:08,42.4,8.900001
2024-12-09 20:29:10,42.4,8.900001
2024-12-09 20:29:12,42.4,8.900001
2024-12-09 20:29:14,42.5,8.900001
2024-12-09 20:29:16,42.5,8.900001
2024-12-09 20:29:18,42.5,8.8
2024-12-09 20:29:21,42.5,8.900001
2024-12-09 20:29:23,42.5,8.8
2024-12-09 20:29:25,42.5,8.8
2024-12-09 20:29:27,42.5,8.8
2024-12-09 20:29:29,42.6,8.900001
2024-12-09 20:29:31,42.5,8.8
2024-12-09 20:29:33,42.5,8.8
2024-12-09 20:29:35,42.6,8.8
2024-12-09 20:29:37,42.6,8.8
2024-12-09 20:29:39,42.6,8.8
2024-12-09 20:29:42,42.6,8.8
2024-12-09 20:29:44,42.6,8.7
2024-12-09 20:29:46,42.6,8.7
2024-12-09 20:29:48,42.6,8.8
2024-12-09 20:29:50,42.6,8.7
2024-12-09 20:29:52,42.7,8.8
2024-12-09 20:29:54,42.6,8.8
2024-12-09 20:29:56,42.7,8.7
2024-12-09 20:29:58,42.7,8.8
2024-12-09 20:30:01,42.7,8.7
2024-12-09 20:30:03,42.7,8.7
2024-12-09 20:30:05,42.7,8.8
2024-12-09 20:30:07,42.7,8.8
2024-12-09 20:30:09,42.7,8.7
2024-12-09 20:30:11,42.8,8.8
2024-12-09 20:30:13,42.8,8.7
2024-12-09 20:30:15,42.8,8.7
2024-12-09 20:30:17,42.8,8.7
2024-12-09 20:30:19,42.8,8.8
2024-12-09 20:30:22,42.8,8.8
2024-12-09 20:30:24,42.9,8.8
2024-12-09 20:30:26,42.8,8.8
2024-12-09 20:30:28,42.9,8.8
2024-12-09 20:30:30,42.8,8.8
2024-12-09 20:30:32,42.9,8.8
2024-12-09 20:30:34,42.9,8.8
2024-12-09 20:30:36,42.9,8.7
2024-12-09 20:30:38,42.9,8.6
2024-12-09 20:30:41,42.9,8.6
2024-12-09 20:30:43,42.9,8.6
2024-12-09 20:30:45,43,8.6
2024-12-09 20:30:47,42.9,8.6
2024-12-09 20:30:49,43,8.6
2024-12-09 20:30:51,43,8.5
2024-12-09 20:30:53,43,8.5
2024-12-09 20:30:55,43,8.5
2024-12-09 20:30:57,43,8.400001
2024-12-09 20:31:00,43,8.5
2024-12-09 20:31:02,43,8.5
2024-12-09 20:31:04,43.1,8.5
2024-12-09 20:31:06,43,8.400001
2024-12-09 20:31:08,43.1,8.400001
2024-12-09 20:31:10,43,8.400001
2024-12-09 20:31:12,43,8.400001
2024-12-09 20:31:14,43.1,8.400001
2024-12-09 20:31:16,43.1,8.400001
2024-12-09 20:31:18,43.1,8.5
2024-12-09 20:31:21,43.1,8.5
2024-12-09 20:31:23,43.1,8.5
2024-12-09 20:31:25,43.1,8.5
2024-12-09 20:31:27,43.2,8.5
2024-12-09 20:31:29,43.1,8.5
2024-12-09 20:31:31,43.1,8.5
2024-12-09 20:31:33,43.1,8.5
2024-12-09 20:31:35,43.2,8.5
2024-12-09 20:31:37,43.1,8.400001
2024-12-09 20:31:40,43.2,8.400001
2024-12-09 20:31:42,43.2,8.400001
2024-12-09 20:31:44,43.1,8.3
2024-12-09 20:31:46,43.2,8.3
2024-12-09 20:31:48,43.2,8.3
2024-12-09 20:31:50,43.2,8.400001
2024-12-09 20:31:52,43.2,8.5
2024-12-09 20:31:54,43.2,8.5
2024-12-09 20:31:56,43.2,8.400001
2024-12-09 20:31:59,43.1,8.2
2024-12-09 20:32:01,43.1,8.2
2024-12-09 20:32:03,43.1,8.2
2024-12-09 20:32:05,43.1,8.1
2024-12-09 20:32:07,43.1,8.1
2024-12-09 20:32:09,43.1,8.1
2024-12-09 20:32:11,43,8
2024-12-09 20:32:13,43.1,8
2024-12-09 20:32:15,43,8.1
2024-12-09 20:32:18,43,8
2024-12-09 20:32:20,43,8
2024-12-09 20:32:22,43,8
2024-12-09 20:32:24,43,8
2024-12-09 20:32:26,42.9,8
2024-12-09 20:32:28,42.9,8
2024-12-09 20:32:30,42.9,8
2024-12-09 20:32:32,42.9,8
2024-12-09 20:32:34,42.9,8
2024-12-09 20:32:36,42.9,8.1
2024-12-09 20:32:39,42.8,7.9
2024-12-09 20:32:41,42.8,7.8
2024-12-09 20:32:43,42.8,7.6
2024-12-09 20:32:45,42.8,7.5
2024-12-09 20:32:47,42.7,7.4
2024-12-09 20:32:49,42.8,7.2
2024-12-09 20:32:51,42.7,7.1
2024-12-09 20:32:53,42.8,7.1
2024-12-09 20:32:55,42.7,7.1
2024-12-09 20:32:58,42.8,7
2024-12-09 20:33:00,42.7,7
2024-12-09 20:33:01,42.7,7
2024-12-09 20:33:03,42.8,7.1
2024-12-09 20:33:04,42.8,7.1
2024-12-09 20:33:06,42.8,7
